sample_id,ejaculate_id,bull_id,breed,bull_age_years,collection_month,season,fresh_or_thawed,concentration_M_per_mL,total_motility_pct,progressive_motility_pct,morphology_normal_pct,vcl_um_s,vsl_um_s,vap_um_s,linearity_pct,straightness_pct,wobble_pct,alh_um,bcf_hz,head_defects_pct,midpiece_defects_pct,tail_defects_pct,droplets_pct,quality_class,fertility_proxy,source,label_confidence,split,rule_motility_class,rule_quality_class,fe_is_summer,fe_is_winter,fe_age_bin,fe_is_frozen,fe_prog_to_total_ratio,fe_immotile_pct,fe_vcl_vsl_ratio,fe_speed_index,fe_total_defects_pct,fe_major_defect_type,fe_motility_morph_score,fe_log_concentration_M_per_mL,fe_log_vcl_um_s,agg_bull_mean_motility,agg_bull_mean_morphology,agg_bull_n_samples,fe_motility_vs_bull_mean,fe_morphology_vs_bull_mean,fe_fertility_missing
S_0000,EJ_0000,BULL_029,Hereford,9.5,3,spring,fresh,1862.4,80.9,59.6,64.0,136.8,59.9,89.9,43.8,66.6,65.7,4.0,24.7,2.5,1.0,0.1,0.4,pass,44.0,synthetic_casa,synthetic,train,motile_non_progressive,pass,0,0,senior,0,0.736711990020184,19.099999999999994,2.2838063435252414,95.53333333333335,4.0,head_defects,51.776,7.530158055016325,4.925803358579558,61.111111111111114,49.3,9,19.78888888888889,14.700000000000003,0
S_0001,EJ_0001,BULL_000,Hereford,4.8,12,winter,frozen_thawed,755.2,64.9,37.6,26.8,145.5,84.5,118.3,58.1,71.4,81.3,4.8,28.7,1.3,0.9,0.2,2.5,reject,,synthetic_casa,synthetic,train,motile_progressive,reject,0,1,prime2,1,0.5793528504500227,35.099999999999994,1.7218934909204862,116.10000000000001,4.9,droplets,17.3932,6.628305891456833,4.987025428457122,70.1375,48.275,8,-5.237499999999997,-21.474999999999998,1
S_0002,EJ_0002,BULL_012,Charolais,8.5,9,fall,fresh,1517.7,78.6,40.2,82.0,184.9,136.9,169.1,74.0,80.9,91.5,2.1,32.1,0.6,1.8,1.0,1.1,pass,35.1,synthetic_casa,synthetic,train,motile_progressive,pass,0,0,senior,0,0.5114503816143194,21.400000000000006,1.3506208910627742,163.63333333333333,4.5,midpiece_defects,64.452,7.325609984736224,5.225208894727398,61.46666666666667,56.85,6,17.133333333333326,25.15,0
S_0003,EJ_0003,BULL_006,Simmental,1.8,8,summer,frozen_thawed,451.9,57.1,44.8,47.4,83.7,32.2,49.8,38.4,64.6,59.4,5.6,13.3,2.6,0.2,1.2,0.6,review,27.6,synthetic_casa,synthetic,train,motile_non_progressive,review,1,0,young,1,0.7845884411935922,42.9,2.599378881180317,55.23333333333333,4.6,head_defects,27.0654,6.1156713505621685,4.439115601658009,61.98333333333333,52.65,6,-4.883333333333326,-5.25,0
S_0004,EJ_0004,BULL_016,Hereford,5.3,1,winter,fresh,768.0,68.8,46.7,76.4,198.6,118.4,139.1,59.6,85.1,70.0,4.6,19.5,1.4,4.9,2.5,8.2,pass,,synthetic_casa,synthetic,train,motile_progressive,pass,0,1,prime2,0,0.6787790696687822,31.200000000000003,1.6773648647231956,152.03333333333333,17.0,droplets,52.56320000000001,6.645090969505644,5.296315363877364,62.73846153846154,51.43846153846154,13,6.061538461538454,24.961538461538467,1
S_0005,EJ_0005,BULL_008,Simmental,2.8,10,fall,fresh,1149.4,70.1,32.6,45.4,138.9,89.7,120.5,64.5,74.4,86.7,4.7,21.9,0.6,7.8,8.4,0.6,review,31.4,synthetic_casa,synthetic,train,motile_progressive,review,0,0,prime1,0,0.46504992860698297,29.900000000000006,1.5484949831049617,116.36666666666667,17.400000000000002,tail_defects,31.825399999999995,7.047864986966783,4.940927881671436,59.550000000000004,45.61666666666667,6,10.54999999999999,-0.21666666666666856,0
S_0006,EJ_0006,BULL_015,Angus,7.6,4,spring,fresh,1112.7,89.1,54.9,85.4,168.7,57.7,116.1,34.2,49.7,68.8,3.6,39.9,5.3,0.8,5.0,0.5,pass,,synthetic_casa,synthetic,test,motile_non_progressive,pass,0,0,mature,0,0.6161616160924623,10.900000000000006,2.923743500359836,114.16666666666667,11.6,head_defects,76.09140000000001,7.015443084399054,5.134032172240181,69.91666666666667,61.916666666666664,6,19.183333333333323,23.48333333333334,1
S_0007,EJ_0007,BULL_023,Holstein,4.2,12,winter,frozen_thawed,452.9,67.2,32.3,44.7,116.9,87.2,105.5,74.6,82.7,90.2,7.4,29.3,3.5,2.6,2.7,0.4,review,26.8,synthetic_casa,synthetic,test,motile_progressive,review,0,1,prime2,1,0.48065476183323586,32.8,1.3405963301214914,103.2,9.200000000000001,head_defects,30.038400000000003,6.11787690946242,4.769836807543325,53.220000000000006,49.84,5,13.979999999999997,-5.140000000000001,0
S_0008,EJ_0008,BULL_029,Hereford,9.6,1,winter,frozen_thawed,989.3,54.6,40.7,51.9,161.8,74.2,114.6,45.8,64.7,70.8,5.4,15.0,13.8,3.6,3.4,0.2,review,45.8,synthetic_casa,synthetic,train,motile_non_progressive,review,0,1,senior,1,0.7454212452847214,45.4,2.1805929916198665,116.86666666666667,21.0,head_defects,28.3374,6.8980079275272566,5.09252245356844,61.111111111111114,49.3,9,-6.511111111111113,2.6000000000000014,0
S_0009,EJ_0009,BULL_007,Simmental,6.7,9,fall,frozen_thawed,1162.0,42.7,33.5,76.5,142.8,93.0,129.3,65.1,71.9,90.5,5.5,26.4,2.1,1.4,0.4,1.7,review,,synthetic_casa,synthetic,train,motile_progressive,review,0,0,mature,1,0.7845433253431983,57.3,1.5354838708026364,121.7,5.6,head_defects,32.6655,7.0587581525186645,4.9684234452869465,63.625,69.025,4,-20.924999999999997,7.474999999999994,1
S_0010,EJ_0010,BULL_025,Simmental,5.8,3,spring,frozen_thawed,1235.6,58.5,36.0,51.9,69.2,23.7,46.9,34.3,50.5,67.8,3.7,42.2,6.5,11.2,2.9,0.8,review,42.4,synthetic_casa,synthetic,train,motile_non_progressive,review,0,0,prime2,1,0.6153846152794215,41.5,2.919831222396696,46.6,21.4,midpiece_defects,30.3615,7.120120957124469,4.251348311031766,61.1,52.325,4,-2.6000000000000014,-0.42500000000000426,0
S_0011,EJ_0011,BULL_027,Angus,9.6,12,winter,fresh,482.6,79.0,61.3,50.0,106.3,36.9,74.3,34.7,49.6,69.9,9.5,18.7,6.5,0.1,3.3,0.3,review,,synthetic_casa,synthetic,test,motile_non_progressive,review,0,1,senior,0,0.7759493669903862,21.0,2.8807588068073824,72.5,10.2,head_defects,39.5,6.1812581187406375,4.675628649636653,68.76923076923077,48.099999999999994,13,10.230769230769226,1.9000000000000057,1
S_0012,EJ_0012,BULL_004,Charolais,6.3,3,spring,fresh,607.5,66.7,42.4,72.0,247.5,158.9,204.0,64.2,77.9,82.4,6.1,26.2,14.4,6.1,4.0,3.2,pass,37.7,synthetic_casa,synthetic,train,motile_progressive,pass,0,0,mature,0,0.635682158825235,33.3,1.5575833856791954,203.46666666666667,27.7,head_defects,48.02400000000001,6.410996912427582,5.5154428455366835,52.85,43.05,2,13.850000000000001,28.950000000000003,0
S_0013,EJ_0013,BULL_010,Hereford,9.6,2,winter,frozen_thawed,605.4,62.7,30.1,57.3,134.3,82.5,101.5,61.4,81.3,75.6,5.7,29.7,8.1,1.0,0.8,2.8,review,36.4,synthetic_casa,synthetic,train,motile_progressive,review,0,1,senior,1,0.4800637957767043,37.3,1.6278787876814695,106.10000000000001,12.7,head_defects,35.9271,6.407539834328162,4.907494535176743,57.25,46.037499999999994,8,5.450000000000003,11.262500000000003,0
S_0014,EJ_0014,BULL_016,Hereford,5.3,4,spring,frozen_thawed,712.9,71.0,47.7,52.4,120.5,85.9,112.5,71.3,76.4,93.4,6.4,22.5,2.5,0.0,9.4,0.2,review,,synthetic_casa,synthetic,train,motile_progressive,review,0,0,prime2,1,0.671830985820869,29.0,1.4027939462860544,106.3,12.1,tail_defects,37.204,6.570742896508415,4.799914262780603,62.73846153846154,51.43846153846154,13,8.261538461538457,0.9615384615384599,1
S_0015,EJ_0015,BULL_018,Holstein,5.5,5,spring,fresh,1657.3,72.7,57.4,78.5,136.2,106.8,130.4,78.4,81.9,95.7,6.0,25.4,2.8,0.8,2.0,4.4,pass,,synthetic_casa,synthetic,train,motile_progressive,pass,0,0,prime2,0,0.7895460796713142,27.299999999999997,1.2752808987569961,124.46666666666665,10.0,droplets,57.0695,7.413548260220053,4.921439715291784,61.4625,50.1375,8,11.237500000000004,28.362499999999997,1
S_0016,EJ_0016,BULL_005,Angus,6.5,8,summer,frozen_thawed,512.6,24.5,7.3,36.7,107.9,57.7,82.7,53.4,69.7,76.7,5.6,18.4,6.9,2.6,13.1,0.9,reject,,synthetic_casa,synthetic,test,motile_progressive,reject,1,0,mature,1,0.29795918355185336,75.5,1.8700173306984371,82.76666666666667,23.5,tail_defects,8.9915,6.2414447523757515,4.690430029938915,57.333333333333336,39.72222222222222,9,-32.833333333333336,-3.0222222222222186,1
S_0017,EJ_0017,BULL_000,Hereford,4.7,9,fall,fresh,821.7,90.8,63.6,79.6,89.3,52.9,70.0,59.2,75.6,78.4,7.0,13.4,1.0,1.9,1.7,1.8,pass,,synthetic_casa,synthetic,train,motile_progressive,pass,0,0,prime2,0,0.7004405285572203,9.200000000000003,1.688090736920966,70.73333333333333,6.3999999999999995,midpiece_defects,72.2768,6.712591614174885,4.5031374604229395,70.1375,48.275,8,20.662499999999994,31.324999999999996,1
S_0018,EJ_0018,BULL_003,Charolais,3.4,2,winter,frozen_thawed,1180.2,64.9,47.4,70.4,148.0,108.5,126.9,73.3,85.5,85.8,7.4,21.2,21.8,0.5,3.6,1.0,pass,45.0,synthetic_casa,synthetic,train,motile_progressive,pass,0,1,prime1,1,0.7303543912588052,35.099999999999994,1.3640552994134512,127.8,26.900000000000002,head_defects,45.68960000000001,7.074286149869768,5.003946305945459,65.9,45.03333333333333,9,-1.0,25.366666666666674,0
S_0019,EJ_0019,BULL_008,Simmental,3.0,11,fall,frozen_thawed,903.8,55.5,44.4,42.9,102.0,53.6,84.0,52.5,63.8,82.4,2.3,29.3,5.6,2.9,1.8,0.2,review,50.5,synthetic_casa,synthetic,train,motile_progressive,review,0,0,prime1,1,0.7999999998558558,44.5,1.902985074271831,79.86666666666666,10.5,head_defects,23.8095,6.80771392480191,4.634728988229636,59.550000000000004,45.61666666666667,6,-4.050000000000004,-2.7166666666666686,0
S_0020,EJ_0020,BULL_017,Charolais,2.6,8,summer,frozen_thawed,700.4,99.0,52.4,84.5,102.7,31.5,63.7,30.7,49.5,62.0,7.1,10.9,2.5,1.7,9.4,0.9,pass,,synthetic_casa,synthetic,train,motile_non_progressive,pass,1,0,prime1,1,0.5292929292394654,1.0,3.260317459282439,65.96666666666665,14.500000000000002,tail_defects,83.655,6.5530783377060775,4.641502115235482,61.27,49.7,10,37.73,34.8,1
S_0021,EJ_0021,BULL_014,Hereford,2.7,10,fall,frozen_thawed,1118.6,32.0,17.0,6.7,116.4,71.8,92.9,61.7,77.3,79.8,4.8,16.2,2.1,6.8,2.6,2.2,reject,,synthetic_casa,synthetic,train,motile_progressive,reject,0,0,prime1,1,0.5312499998339844,68.0,1.621169916208751,93.7,13.7,midpiece_defects,2.144,7.020726757641298,4.765586907393996,61.57777777777777,48.13333333333333,9,-29.57777777777777,-41.43333333333333,1
S_0022,EJ_0022,BULL_018,Holstein,5.8,8,summer,fresh,757.2,49.8,24.3,23.6,115.9,81.1,98.9,70.0,82.0,85.3,3.6,26.7,10.3,7.6,0.3,0.6,reject,26.0,synthetic_casa,synthetic,train,motile_progressive,reject,1,0,prime2,0,0.4879518071309334,50.2,1.4290998765192235,98.63333333333333,18.8,head_defects,11.7528,6.6309472030822345,4.761318868478023,61.4625,50.1375,8,-11.662500000000001,-26.5375,0
S_0023,EJ_0023,BULL_021,Charolais,3.8,1,winter,fresh,698.8,81.9,39.6,56.8,138.9,43.8,97.8,31.5,44.7,70.5,4.3,32.2,2.5,0.3,5.3,0.4,review,,synthetic_casa,synthetic,val,motile_non_progressive,review,0,1,prime1,0,0.48351648345744613,18.099999999999994,3.171232875988303,93.5,8.5,tail_defects,46.5192,6.550794579933587,4.940927881671436,71.55,51.275,4,10.350000000000009,5.524999999999999,1
S_0024,EJ_0024,BULL_006,Simmental,1.9,9,fall,fresh,50.0,65.9,32.4,59.7,142.2,82.3,127.1,57.9,64.8,89.3,9.0,12.8,11.5,2.8,1.1,1.4,review,,synthetic_casa,synthetic,train,motile_progressive,review,0,0,young,0,0.49165402116970347,34.099999999999994,1.7278250301667284,117.2,16.8,head_defects,39.3423,3.9318256327243257,4.964242254526545,61.98333333333333,52.65,6,3.9166666666666785,7.050000000000004,1
S_0025,EJ_0025,BULL_000,Hereford,4.4,12,winter,fresh,1275.5,54.1,27.5,45.0,191.8,136.3,163.3,71.0,83.4,85.1,5.6,39.3,3.2,5.5,0.9,6.9,review,40.4,synthetic_casa,synthetic,train,motile_progressive,review,0,1,prime2,0,0.5083179296657453,45.9,1.4071900219070292,163.8,16.5,droplets,24.345,7.151877236681538,5.261653382176445,70.1375,48.275,8,-16.0375,-3.2749999999999986,0
S_0026,EJ_0026,BULL_014,Hereford,2.2,6,summer,frozen_thawed,1105.7,52.6,19.1,54.4,202.7,116.4,140.1,57.4,83.1,69.1,6.3,16.9,0.5,0.4,0.0,0.2,review,,synthetic_casa,synthetic,train,motile_progressive,review,1,0,prime1,1,0.3631178706533997,47.4,1.7414089345582981,153.0666666666667,1.1,head_defects,28.6144,7.00913789327074,5.31664832323276,61.57777777777777,48.13333333333333,9,-8.977777777777767,6.266666666666666,1
S_0027,EJ_0027,BULL_022,Hereford,7.1,8,summer,frozen_thawed,1402.0,50.5,32.7,49.5,139.9,94.5,122.3,67.5,77.2,87.5,6.0,20.4,5.0,7.2,1.5,1.8,review,24.6,synthetic_casa,synthetic,test,motile_progressive,review,1,0,mature,1,0.6475247523470249,49.5,1.480423280266622,118.89999999999999,15.5,midpiece_defects,24.9975,7.246368080102461,4.948050418904635,59.7,49.2625,16,-9.200000000000003,0.23749999999999716,0
S_0028,EJ_0028,BULL_006,Simmental,2.0,11,fall,frozen_thawed,1404.3,32.9,23.3,30.8,122.2,50.7,63.5,41.5,79.7,52.0,7.9,34.7,5.9,0.5,8.4,1.4,reject,18.1,synthetic_casa,synthetic,train,motile_non_progressive,reject,0,0,young,1,0.7082066867148308,67.1,2.4102564097810144,78.8,16.2,tail_defects,10.133199999999999,7.248006082106699,4.81380905109942,61.98333333333333,52.65,6,-29.08333333333333,-21.849999999999998,0
S_0029,EJ_0029,BULL_003,Charolais,3.4,10,fall,fresh,436.3,97.2,42.7,44.8,147.0,77.7,112.9,52.9,68.8,76.8,10.0,16.9,2.6,4.4,0.0,1.8,review,,synthetic_casa,synthetic,train,motile_progressive,review,0,0,prime1,0,0.43930041147743826,2.799999999999997,1.8918918916484053,112.53333333333335,8.8,midpiece_defects,43.54559999999999,6.080619458418875,4.997212273764115,65.9,45.03333333333333,9,31.299999999999997,-0.23333333333333428,1
S_0030,EJ_0030,BULL_010,Hereford,10.2,10,fall,frozen_thawed,128.2,29.1,17.4,22.7,145.7,51.2,114.1,35.1,44.8,78.3,3.8,35.4,0.4,0.2,0.4,3.7,reject,16.4,synthetic_casa,synthetic,train,motile_non_progressive,reject,0,0,senior,1,0.5979381441244198,70.9,2.8457031244441984,103.66666666666667,4.7,droplets,6.605700000000001,4.861361591348501,4.9883896851489355,57.25,46.037499999999994,8,-28.15,-23.337499999999995,0
S_0031,EJ_0031,BULL_013,Angus,4.0,11,fall,fresh,378.1,61.8,46.7,47.2,144.6,87.1,109.5,60.2,79.5,75.7,4.6,17.4,10.0,7.7,2.5,1.3,review,35.3,synthetic_casa,synthetic,val,motile_progressive,review,0,0,prime1,0,0.7556634302984364,38.2,1.6601607345969966,113.73333333333333,21.5,head_defects,29.1696,5.937800022522289,4.980863135762585,56.25555555555556,49.15555555555555,9,5.544444444444437,-1.9555555555555486,0
S_0032,EJ_0032,BULL_018,Holstein,5.7,8,summer,fresh,512.7,60.7,30.0,27.9,118.5,68.6,97.8,57.9,70.1,82.6,5.2,34.0,1.0,1.1,1.5,1.0,reject,,synthetic_casa,synthetic,train,motile_progressive,reject,1,0,prime2,0,0.49423393731561216,39.3,1.727405247561603,94.96666666666665,4.6,tail_defects,16.935299999999998,6.241639437473222,4.783316371371566,61.4625,50.1375,8,-0.7624999999999957,-22.237500000000004,1
S_0033,EJ_0033,BULL_018,Holstein,5.6,1,winter,frozen_thawed,642.2,15.4,14.0,47.2,198.0,107.0,168.4,54.1,63.5,85.1,5.0,22.6,0.4,4.2,1.3,4.6,reject,,synthetic_casa,synthetic,train,motile_progressive,reject,0,1,prime2,1,0.9090909085005903,84.6,1.8504672895466854,157.79999999999998,10.5,droplets,7.2688000000000015,6.466455717864757,5.293304824724492,61.4625,50.1375,8,-46.0625,-2.9375,1
S_0034,EJ_0034,BULL_022,Hereford,7.0,7,summer,frozen_thawed,491.8,57.5,26.1,60.1,158.5,91.7,126.8,57.8,72.3,80.0,6.7,30.0,22.4,2.8,6.6,6.6,review,34.2,synthetic_casa,synthetic,test,motile_progressive,review,1,0,mature,1,0.4539130433993195,42.5,1.7284623771288483,125.66666666666667,38.4,head_defects,34.5575,6.20010341221931,5.072043922224899,59.7,49.2625,16,-2.200000000000003,10.837499999999999,0
S_0035,EJ_0035,BULL_015,Angus,7.1,11,fall,fresh,932.1,99.0,68.6,82.9,160.2,77.1,113.6,48.2,67.9,70.9,7.4,19.6,2.3,5.9,1.0,7.3,pass,58.6,synthetic_casa,synthetic,test,motile_non_progressive,pass,0,0,mature,0,0.6929292928593,1.0,2.077821011403655,116.96666666666665,16.5,droplets,82.071,6.838512376239977,5.0826458300725275,69.91666666666667,61.916666666666664,6,29.08333333333333,20.98333333333334,0
S_0036,EJ_0036,BULL_013,Angus,3.9,2,winter,frozen_thawed,1480.6,48.0,25.8,33.2,80.0,29.3,73.2,36.6,40.0,91.5,5.6,30.0,5.7,5.2,3.0,3.4,reject,,synthetic_casa,synthetic,val,motile_non_progressive,reject,0,1,prime1,1,0.5374999998880209,52.0,2.7303754256892914,60.833333333333336,17.3,head_defects,15.936000000000002,7.300877863891915,4.394449154672439,56.25555555555556,49.15555555555555,9,-8.25555555555556,-15.955555555555549,1
S_0037,EJ_0037,BULL_016,Hereford,5.2,11,fall,frozen_thawed,436.1,5.0,5.0,37.1,111.4,80.1,109.8,71.9,73.0,98.6,4.0,10.2,15.9,0.6,0.4,2.9,reject,,synthetic_casa,synthetic,train,motile_progressive,reject,0,0,prime2,1,0.9999999980000001,95.0,1.390761547891291,100.43333333333334,19.799999999999997,head_defects,1.855,6.080162001869269,4.722063937459591,62.73846153846154,51.43846153846154,13,-57.73846153846154,-14.338461538461537,1
S_0038,EJ_0038,BULL_007,Simmental,6.5,3,spring,frozen_thawed,1016.4,61.7,25.7,47.3,70.7,51.0,62.3,72.1,81.8,88.1,5.7,16.6,3.2,1.3,1.7,1.1,review,25.0,synthetic_casa,synthetic,train,motile_progressive,review,0,0,mature,1,0.4165316044705783,38.3,1.386274509532103,61.333333333333336,7.300000000000001,head_defects,29.184099999999997,6.925005632388665,4.272490747605575,63.625,69.025,4,-1.9249999999999972,-21.72500000000001,0
S_0039,EJ_0039,BULL_002,Simmental,8.6,1,winter,fresh,887.0,97.4,48.8,72.3,153.5,121.3,151.1,79.0,80.3,98.4,5.5,30.9,5.9,0.2,4.4,0.1,pass,,synthetic_casa,synthetic,train,motile_progressive,pass,0,1,senior,0,0.5010266939937345,2.5999999999999943,1.2654575431767967,141.96666666666667,10.6,head_defects,70.42020000000001,6.78897174299217,5.0401940963378005,64.92222222222222,52.24444444444444,9,32.47777777777779,20.055555555555557,1
S_0040,EJ_0040,BULL_022,Hereford,6.9,10,fall,fresh,565.1,97.5,54.7,85.8,151.7,49.7,114.2,32.7,43.5,75.3,1.0,35.8,2.3,2.5,2.6,4.3,pass,,synthetic_casa,synthetic,test,motile_non_progressive,pass,0,0,mature,0,0.5610256409681,2.5,3.0523138826856506,105.19999999999999,11.7,droplets,83.655,6.338770741042614,5.028475212224587,59.7,49.2625,16,37.8,36.537499999999994,1
S_0041,EJ_0041,BULL_022,Hereford,7.4,5,spring,frozen_thawed,1617.0,80.5,42.7,68.6,111.3,59.1,95.1,53.1,62.1,85.5,4.1,15.5,13.5,0.2,0.0,0.1,pass,,synthetic_casa,synthetic,test,motile_progressive,pass,0,0,mature,1,0.5304347825428032,19.5,1.8832487306458123,88.5,13.799999999999999,head_defects,55.22299999999999,7.388946097618437,4.721173861744398,59.7,49.2625,16,20.799999999999997,19.33749999999999,1
S_0042,EJ_0042,BULL_011,Simmental,9.9,11,fall,frozen_thawed,1381.4,70.1,32.1,43.0,87.8,39.0,53.3,44.4,73.0,60.7,3.5,24.7,2.4,3.4,1.0,6.0,review,37.3,synthetic_casa,synthetic,train,motile_non_progressive,review,0,0,senior,1,0.4579172609903115,29.900000000000006,2.2512820507047993,60.03333333333333,12.8,droplets,30.142999999999997,7.231576398049791,4.486386649998124,54.82000000000001,37.480000000000004,5,15.279999999999987,5.519999999999996,0
S_0043,EJ_0043,BULL_027,Angus,9.9,10,fall,frozen_thawed,534.4,72.7,52.1,44.3,98.8,40.5,75.2,41.0,53.9,76.1,3.8,21.0,17.4,6.5,10.5,10.6,review,,synthetic_casa,synthetic,test,motile_non_progressive,review,0,0,senior,1,0.7166437413044507,27.299999999999997,2.439506172237159,71.5,45.0,head_defects,32.2061,6.283014131086252,4.603168183317418,68.76923076923077,48.099999999999994,13,3.9307692307692292,-3.799999999999997,1
S_0044,EJ_0044,BULL_002,Simmental,8.1,8,summer,frozen_thawed,579.1,49.9,36.2,45.3,86.4,63.8,76.8,73.9,83.2,88.8,3.8,21.9,11.0,9.3,7.9,3.3,review,16.7,synthetic_casa,synthetic,train,motile_progressive,review,1,0,senior,1,0.7254509016582263,50.1,1.354231974709368,75.66666666666667,31.500000000000004,head_defects,22.604699999999998,6.363200502472019,4.470495282661489,64.92222222222222,52.24444444444444,9,-15.022222222222219,-6.944444444444443,0
S_0045,EJ_0045,BULL_027,Angus,9.8,1,winter,fresh,463.6,78.4,35.7,65.0,119.3,64.5,103.8,54.0,62.1,87.0,7.4,27.7,2.1,3.4,3.3,0.6,pass,54.2,synthetic_casa,synthetic,test,motile_progressive,pass,0,1,senior,0,0.45535714279906164,21.599999999999994,1.8496124028140137,95.86666666666667,9.4,midpiece_defects,50.96,6.141176820336309,4.789988622980633,68.76923076923077,48.099999999999994,13,9.630769230769232,16.900000000000006,0
S_0046,EJ_0046,BULL_026,Simmental,3.3,2,winter,frozen_thawed,1226.7,79.2,48.0,60.7,105.2,70.7,79.6,67.2,88.8,75.7,5.7,21.9,8.9,2.1,0.0,0.7,pass,42.2,synthetic_casa,synthetic,train,motile_progressive,pass,0,1,prime1,1,0.6060606059840833,20.799999999999997,1.4879773689550246,85.16666666666667,11.7,head_defects,48.074400000000004,7.1128977791867944,4.665324108807838,72.21666666666667,60.48333333333333,6,6.983333333333334,0.21666666666667567,0
S_0047,EJ_0047,BULL_027,Angus,9.8,11,fall,fresh,1274.6,65.7,39.4,47.1,97.8,67.0,87.3,68.5,76.8,89.3,6.5,32.8,3.2,0.2,0.3,3.8,review,33.5,synthetic_casa,synthetic,test,motile_progressive,review,0,0,senior,0,0.599695585905678,34.3,1.4597014923194476,84.03333333333335,7.5,droplets,30.9447,7.151171935135903,4.593097604753822,68.76923076923077,48.099999999999994,13,-3.0692307692307708,-0.9999999999999929,0
S_0048,EJ_0048,BULL_002,Simmental,8.6,10,fall,frozen_thawed,620.3,53.7,38.5,23.5,123.6,88.1,117.5,71.3,75.0,95.1,6.7,21.0,7.4,0.8,0.6,4.1,reject,10.0,synthetic_casa,synthetic,train,motile_progressive,reject,0,0,senior,1,0.7169459961420956,46.3,1.4029511916682236,109.73333333333333,12.9,head_defects,12.6195,6.431814057069648,4.825108606353353,64.92222222222222,52.24444444444444,9,-11.222222222222214,-28.74444444444444,0
S_0049,EJ_0049,BULL_027,Angus,9.6,4,spring,frozen_thawed,961.1,52.0,45.1,20.6,103.2,35.7,64.6,34.6,55.2,62.6,4.7,15.5,3.8,0.1,6.4,0.7,reject,47.6,synthetic_casa,synthetic,test,motile_non_progressive,reject,0,0,senior,1,0.8673076921409024,48.0,2.8907563017112725,67.83333333333333,11.0,tail_defects,10.712,6.869118395367219,4.646312129319266,68.76923076923077,48.099999999999994,13,-16.769230769230774,-27.499999999999993,0
S_0050,EJ_0050,BULL_003,Charolais,3.5,9,fall,frozen_thawed,269.4,53.3,35.4,34.8,115.2,73.8,82.7,64.0,89.2,71.8,5.7,24.4,6.4,3.2,5.7,6.1,reject,37.7,synthetic_casa,synthetic,train,motile_progressive,reject,0,0,prime1,1,0.6641651030648846,46.7,1.5609756095445835,90.56666666666666,21.4,head_defects,18.548399999999997,5.599902344168809,4.755312844417811,65.9,45.03333333333333,9,-12.600000000000009,-10.233333333333334,0
S_0051,EJ_0051,BULL_016,Hereford,5.4,9,fall,fresh,211.0,64.7,35.1,44.5,101.2,46.6,84.6,46.1,55.1,83.7,6.8,29.4,0.2,3.3,12.1,0.3,review,59.7,synthetic_casa,synthetic,train,motile_non_progressive,review,0,0,prime2,0,0.5425038639037861,35.3,2.1716738192764646,77.46666666666667,15.9,tail_defects,28.7915,5.356586274672012,4.626931677769604,62.73846153846154,51.43846153846154,13,1.96153846153846,-6.938461538461539,0
S_0052,EJ_0052,BULL_017,Charolais,2.8,4,spring,frozen_thawed,1007.2,70.3,45.0,67.6,174.1,94.1,138.7,54.0,67.8,79.7,8.4,21.3,4.5,3.2,2.6,1.9,pass,,synthetic_casa,synthetic,train,motile_progressive,pass,0,0,prime1,1,0.6401137979174804,29.700000000000003,1.8501594046918004,135.63333333333333,12.200000000000001,head_defects,47.5228,6.91592184164853,5.165357239291806,61.27,49.7,10,9.029999999999994,17.89999999999999,1
S_0053,EJ_0053,BULL_012,Charolais,8.5,4,spring,frozen_thawed,761.3,53.8,46.7,49.4,124.8,49.9,82.3,40.0,60.6,66.0,5.4,33.7,6.5,4.1,2.2,0.8,review,,synthetic_casa,synthetic,train,motile_non_progressive,review,0,0,senior,1,0.8680297396156079,46.2,2.5010020035068132,85.66666666666667,13.600000000000001,head_defects,26.577199999999998,6.636340178994228,4.8346933442663405,61.46666666666667,56.85,6,-7.666666666666671,-7.450000000000003,1
S_0054,EJ_0054,BULL_027,Angus,9.7,12,winter,fresh,1473.6,74.9,36.4,57.2,152.0,61.6,108.6,40.5,56.7,71.4,8.0,36.0,6.6,0.4,5.0,4.8,review,,synthetic_casa,synthetic,test,motile_non_progressive,review,0,1,senior,0,0.4859813083463309,25.099999999999994,2.467532467131894,107.39999999999999,16.8,head_defects,42.842800000000004,7.29614204555555,5.030437921392435,68.76923076923077,48.099999999999994,13,6.130769230769232,9.100000000000009,1
S_0055,EJ_0055,BULL_013,Angus,4.1,10,fall,fresh,1225.0,68.9,45.1,65.8,75.2,59.0,75.2,78.5,78.5,99.0,2.5,33.9,0.7,10.5,2.4,0.5,pass,,synthetic_casa,synthetic,val,motile_progressive,pass,0,0,prime2,0,0.6545718431560854,31.099999999999994,1.274576270970411,69.8,14.1,midpiece_defects,45.3362,7.111512116496157,4.333361462692601,56.25555555555556,49.15555555555555,9,12.644444444444446,16.644444444444446,1
S_0056,EJ_0056,BULL_028,Hereford,7.9,5,spring,fresh,1059.6,61.1,40.0,54.3,107.1,77.4,113.0,72.2,68.5,99.0,5.7,35.4,10.1,0.7,0.5,0.6,review,,synthetic_casa,synthetic,train,motile_progressive,review,0,0,mature,0,0.654664484344572,38.9,1.3837209300537827,99.16666666666667,11.899999999999999,head_defects,33.1773,6.96659006470303,4.683056724645162,68.26666666666667,58.86666666666667,3,-7.166666666666664,-4.56666666666667,1
S_0057,EJ_0057,BULL_019,Hereford,1.8,2,winter,fresh,442.2,56.7,41.7,35.6,140.1,78.6,113.6,56.1,69.2,81.1,1.0,19.1,1.0,3.9,0.7,0.5,reject,44.3,synthetic_casa,synthetic,train,motile_progressive,reject,0,1,young,0,0.7354497353200266,43.3,1.7824427478648293,110.76666666666665,6.1000000000000005,midpiece_defects,20.185200000000002,6.094021135433074,4.9494688588587685,56.7,35.6,1,0.0,0.0,0
S_0058,EJ_0058,BULL_000,Hereford,4.6,6,summer,frozen_thawed,1220.3,94.9,52.1,57.9,185.2,115.9,153.6,62.6,75.5,82.9,3.5,24.5,10.2,4.6,3.3,2.7,review,55.6,synthetic_casa,synthetic,train,motile_progressive,review,1,0,prime2,1,0.54899894620137,5.099999999999994,1.597929249215019,151.5666666666667,20.799999999999997,head_defects,54.9471,7.107671144177043,5.226821364842967,70.1375,48.275,8,24.762500000000003,9.625,0
S_0059,EJ_0059,BULL_013,Angus,4.1,8,summer,frozen_thawed,1101.2,62.1,37.0,38.4,166.6,102.5,146.2,61.5,70.1,87.8,9.1,32.0,4.5,2.4,2.4,0.0,reject,,synthetic_casa,synthetic,val,motile_progressive,reject,1,0,prime2,1,0.5958132044129125,37.9,1.6253658534999644,138.43333333333334,9.3,head_defects,23.8464,7.005063461449135,5.121580188047982,56.25555555555556,49.15555555555555,9,5.8444444444444414,-10.755555555555553,1
S_0060,EJ_0060,BULL_013,Angus,3.7,9,fall,frozen_thawed,1049.0,63.6,38.8,52.2,23.3,13.4,15.0,57.5,89.4,64.3,6.7,32.8,3.7,5.2,2.3,4.5,review,,synthetic_casa,synthetic,val,motile_non_progressive,review,0,0,prime1,1,0.6100628929858392,36.4,1.7388059688516373,17.233333333333334,15.7,midpiece_defects,33.1992,6.956545443151569,3.190476350346503,56.25555555555556,49.15555555555555,9,7.3444444444444414,3.0444444444444514,1
S_0061,EJ_0061,BULL_003,Charolais,3.2,8,summer,fresh,760.7,61.9,39.1,36.7,135.9,82.2,99.2,60.5,82.9,73.0,6.9,17.1,1.0,3.4,0.8,1.5,reject,39.2,synthetic_casa,synthetic,train,motile_progressive,reject,1,0,prime1,0,0.631663974049812,38.1,1.6532846713317173,105.76666666666667,6.7,midpiece_defects,22.7173,6.635552777378742,4.919250732294404,65.9,45.03333333333333,9,-4.000000000000007,-8.333333333333329,0
S_0062,EJ_0062,BULL_016,Hereford,4.9,5,spring,frozen_thawed,769.9,64.0,42.1,56.1,141.7,100.6,118.3,71.0,85.0,83.5,5.8,29.0,2.6,5.5,9.2,0.9,review,,synthetic_casa,synthetic,train,motile_progressive,review,0,0,prime2,1,0.6578124998972169,36.0,1.4085487076134644,120.19999999999999,18.199999999999996,tail_defects,35.904,6.647558663465216,4.960744524482791,62.73846153846154,51.43846153846154,13,1.261538461538457,4.661538461538463,1
S_0063,EJ_0063,BULL_003,Charolais,2.9,9,fall,fresh,530.6,74.0,59.2,45.1,141.0,103.1,114.7,73.1,89.9,81.4,4.6,24.0,0.1,3.1,3.7,1.6,review,,synthetic_casa,synthetic,train,motile_progressive,review,0,0,prime1,0,0.799999999891892,26.0,1.3676042675686126,119.60000000000001,8.5,tail_defects,33.374,6.275891326839091,4.955827057601261,65.9,45.03333333333333,9,8.099999999999994,0.06666666666666998,1
S_0064,EJ_0064,BULL_029,Hereford,9.4,7,summer,frozen_thawed,1558.6,55.2,20.4,43.7,99.2,59.7,86.3,60.2,69.2,86.9,4.5,19.0,5.2,2.7,2.1,0.9,review,,synthetic_casa,synthetic,train,motile_progressive,review,1,0,senior,1,0.3695652173243541,44.8,1.661641540760194,81.73333333333333,10.9,head_defects,24.122400000000003,7.352184657108443,4.607168188650764,61.111111111111114,49.3,9,-5.911111111111111,-5.599999999999994,1
S_0065,EJ_0065,BULL_003,Charolais,3.4,10,fall,frozen_thawed,878.5,62.4,40.2,62.5,110.1,43.5,61.5,39.5,70.8,55.8,4.7,20.8,2.3,16.2,2.4,0.8,pass,,synthetic_casa,synthetic,train,motile_non_progressive,pass,0,0,prime1,1,0.6442307691275272,37.6,2.5310344821767736,71.7,21.7,midpiece_defects,39.0,6.779353564177613,4.7104306966455844,65.9,45.03333333333333,9,-3.500000000000007,17.46666666666667,1
S_0066,EJ_0066,BULL_003,Charolais,3.2,12,winter,frozen_thawed,324.1,69.0,26.1,23.9,100.0,36.0,76.7,36.0,47.0,76.6,6.5,31.2,0.5,0.9,6.2,4.0,reject,21.6,synthetic_casa,synthetic,train,motile_non_progressive,reject,0,1,prime1,1,0.37826086951039706,31.0,2.7777777770061727,70.89999999999999,11.6,tail_defects,16.491,5.784132827309859,4.61512051684126,65.9,45.03333333333333,9,3.0999999999999943,-21.133333333333333,0
S_0067,EJ_0067,BULL_005,Angus,6.5,8,summer,fresh,323.7,56.7,33.3,46.9,116.1,85.6,105.3,73.7,81.2,90.7,3.9,38.5,2.5,2.1,2.0,1.6,review,56.4,synthetic_casa,synthetic,test,motile_progressive,review,1,0,mature,0,0.5873015871980067,43.3,1.3563084110565062,102.33333333333333,8.2,head_defects,26.5923,5.7829016791088,4.763028270603671,57.333333333333336,39.72222222222222,9,-0.6333333333333329,7.177777777777777,0
S_0068,EJ_0068,BULL_009,Charolais,2.1,5,spring,frozen_thawed,705.5,47.8,30.6,46.1,119.6,74.2,94.7,62.0,78.4,79.1,5.4,44.7,7.2,0.6,2.8,1.0,review,,synthetic_casa,synthetic,val,motile_progressive,review,0,0,prime1,1,0.6401673638828103,52.2,1.6118598380577007,96.16666666666667,11.6,head_defects,22.0358,6.560323202124582,4.792479284293085,47.8,46.1,1,0.0,0.0,1
S_0069,EJ_0069,BULL_001,Charolais,5.3,11,fall,fresh,771.8,77.4,26.2,61.7,131.3,53.6,84.5,40.8,63.4,64.4,8.1,34.8,0.8,0.2,6.1,1.2,review,,synthetic_casa,synthetic,train,motile_non_progressive,pass,0,0,prime2,0,0.33850129194593004,22.599999999999994,2.449626865214622,89.8,8.299999999999999,tail_defects,47.75580000000001,6.650020282898308,4.88507207112091,66.16666666666667,58.166666666666664,3,11.233333333333334,3.5333333333333385,1
S_0070,EJ_0070,BULL_017,Charolais,2.6,7,summer,frozen_thawed,635.6,44.2,15.9,33.8,126.8,70.3,83.2,55.5,84.5,65.6,6.8,29.0,2.8,0.4,8.7,1.2,reject,,synthetic_casa,synthetic,train,motile_progressive,reject,1,0,prime1,1,0.35972850670594375,55.8,1.8036984350208112,93.43333333333334,13.099999999999998,tail_defects,14.9396,6.456141514847992,4.850466541943434,61.27,49.7,10,-17.07,-15.900000000000006,1
S_0071,EJ_0071,BULL_026,Simmental,3.5,10,fall,frozen_thawed,569.4,46.2,23.1,45.6,124.4,50.7,76.3,40.8,66.4,61.4,5.0,29.6,0.6,2.4,2.4,3.7,review,,synthetic_casa,synthetic,train,motile_non_progressive,review,0,0,prime1,1,0.4999999998917749,53.8,2.453648914703422,83.80000000000001,9.100000000000001,droplets,21.067200000000003,6.346337869100086,4.83150862819882,72.21666666666667,60.48333333333333,6,-26.016666666666666,-14.883333333333326,1
S_0072,EJ_0072,BULL_029,Hereford,9.4,12,winter,frozen_thawed,622.0,23.2,5.2,17.5,161.6,104.1,116.8,64.4,89.1,72.3,4.2,24.3,5.1,3.2,9.0,2.0,reject,29.2,synthetic_casa,synthetic,train,motile_progressive,reject,0,1,senior,1,0.2241379309378716,76.8,1.552353506094875,127.5,19.3,tail_defects,4.06,6.434546518787453,5.0912931971137105,61.111111111111114,49.3,9,-37.91111111111111,-31.799999999999997,0
S_0073,EJ_0073,BULL_022,Hereford,6.9,6,summer,frozen_thawed,854.6,63.1,28.0,44.8,172.0,77.1,136.5,44.8,56.5,79.4,3.7,16.6,1.0,0.3,4.3,2.9,review,,synthetic_casa,synthetic,test,motile_non_progressive,review,1,0,mature,1,0.4437400950168399,36.9,2.2308690010076697,128.53333333333333,8.5,tail_defects,28.268800000000002,6.751802977208251,5.153291594497779,59.7,49.2625,16,3.3999999999999986,-4.462500000000006,1
S_0074,EJ_0074,BULL_014,Hereford,2.4,8,summer,fresh,299.0,81.6,43.3,74.1,138.2,44.4,113.0,32.1,39.3,81.7,7.9,39.4,6.9,5.0,4.3,0.3,pass,,synthetic_casa,synthetic,train,motile_non_progressive,pass,1,0,prime1,0,0.5306372548369318,18.400000000000006,3.1126126119115733,98.53333333333335,16.5,head_defects,60.465599999999995,5.703782474656201,4.935911747900319,61.57777777777777,48.13333333333333,9,20.022222222222226,25.96666666666666,1
S_0075,EJ_0075,BULL_017,Charolais,2.4,6,summer,frozen_thawed,358.7,44.3,32.0,23.4,156.5,110.8,132.0,70.8,84.0,84.3,5.6,23.0,9.2,3.9,6.0,2.1,reject,,synthetic_casa,synthetic,train,motile_progressive,reject,1,0,prime1,1,0.7223476296337816,55.7,1.4124548735187317,133.1,21.200000000000003,head_defects,10.3662,5.885270350701578,5.059425458265688,61.27,49.7,10,-16.970000000000006,-26.300000000000004,1
S_0076,EJ_0076,BULL_021,Charolais,4.0,8,summer,frozen_thawed,1125.1,57.8,34.2,42.7,132.4,78.8,122.6,59.5,64.3,92.6,1.2,25.6,4.2,3.5,8.3,2.0,review,30.2,synthetic_casa,synthetic,val,motile_progressive,review,1,0,prime1,1,0.5916955016277344,42.2,1.6802030454720558,111.26666666666665,18.0,tail_defects,24.6806,7.02651561470298,4.893352133481524,71.55,51.275,4,-13.75,-8.574999999999996,0
S_0077,EJ_0077,BULL_000,Hereford,4.4,9,fall,frozen_thawed,898.0,51.1,39.4,33.6,137.3,88.4,124.7,64.4,70.9,90.8,6.4,7.3,3.7,5.7,7.3,3.6,reject,,synthetic_casa,synthetic,train,motile_progressive,reject,0,0,prime2,1,0.7710371818451981,48.9,1.5531674206387822,116.80000000000001,20.3,tail_defects,17.1696,6.80128303447162,4.929425238670713,70.1375,48.275,8,-19.0375,-14.674999999999997,1
S_0078,EJ_0078,BULL_001,Charolais,5.5,10,fall,frozen_thawed,1288.8,62.7,34.8,69.1,144.8,59.2,105.9,40.9,55.9,73.2,3.2,21.7,2.6,6.2,2.9,2.6,pass,,synthetic_casa,synthetic,train,motile_non_progressive,pass,0,0,prime2,1,0.5550239233564555,37.3,2.445945945532779,103.3,14.3,midpiece_defects,43.3257,7.162242446576277,4.982235819574558,66.16666666666667,58.166666666666664,3,-3.4666666666666686,10.93333333333333,1
S_0079,EJ_0079,BULL_022,Hereford,6.9,1,winter,frozen_thawed,1442.4,63.9,31.6,26.9,138.2,93.0,107.4,67.3,86.6,77.7,5.2,35.5,2.3,0.4,5.3,0.5,reject,,synthetic_casa,synthetic,test,motile_progressive,reject,0,1,mature,1,0.49452269162840023,36.1,1.4860215052165568,112.86666666666667,8.5,tail_defects,17.1891,7.274756720638173,4.935911747900319,59.7,49.2625,16,4.199999999999996,-22.362500000000004,1
S_0080,EJ_0080,BULL_026,Simmental,3.2,3,spring,frozen_thawed,584.0,60.6,39.9,57.4,155.0,120.2,140.6,77.5,85.4,90.7,2.2,30.7,4.4,3.6,10.6,3.1,review,,synthetic_casa,synthetic,train,motile_progressive,review,0,0,prime1,1,0.6584158414755089,39.4,1.2895174707745827,138.6,21.700000000000003,tail_defects,34.7844,6.371611847231857,5.049856007249537,72.21666666666667,60.48333333333333,6,-11.616666666666667,-3.0833333333333286,1
S_0081,EJ_0081,BULL_013,Angus,4.4,6,summer,fresh,50.0,42.1,37.2,53.1,124.0,37.6,82.3,30.4,45.7,66.4,4.5,17.0,12.8,1.9,0.1,0.7,review,,synthetic_casa,synthetic,val,motile_non_progressive,review,1,0,prime2,0,0.8836104510965296,57.9,3.297872339548438,81.3,15.5,head_defects,22.355100000000004,3.9318256327243257,4.8283137373023015,56.25555555555556,49.15555555555555,9,-14.155555555555559,3.94444444444445,1
S_0082,EJ_0082,BULL_027,Angus,9.6,8,summer,frozen_thawed,898.1,49.6,24.0,34.0,113.2,36.6,85.4,32.3,42.8,75.5,9.1,14.5,7.4,0.3,1.1,2.6,reject,,synthetic_casa,synthetic,test,motile_non_progressive,reject,1,0,senior,1,0.4838709676443808,50.4,3.092896174018334,78.4,11.4,head_defects,16.864,6.801394262990727,4.73795129722191,68.76923076923077,48.099999999999994,13,-19.169230769230772,-14.099999999999994,1
S_0083,EJ_0083,BULL_014,Hereford,2.1,11,fall,frozen_thawed,1017.0,80.5,44.0,62.5,69.2,53.5,50.6,77.4,99.0,73.2,3.4,23.7,5.8,2.4,15.8,0.5,pass,,synthetic_casa,synthetic,train,motile_progressive,pass,0,0,prime1,1,0.5465838508637785,19.5,1.293457943683466,57.76666666666667,24.5,tail_defects,50.3125,6.925595197110468,4.251348311031766,61.57777777777777,48.13333333333333,9,18.92222222222223,14.366666666666667,1
S_0084,EJ_0084,BULL_008,Simmental,3.0,7,summer,frozen_thawed,625.9,70.4,45.8,61.3,114.3,83.6,115.3,73.1,72.5,99.0,4.5,32.6,0.6,1.3,15.3,3.2,pass,,synthetic_casa,synthetic,train,motile_progressive,pass,1,0,prime1,1,0.6505681817257716,29.599999999999994,1.3672248802192317,104.39999999999999,20.4,tail_defects,43.15520000000001,6.440787038279923,4.747537427275013,59.550000000000004,45.61666666666667,6,10.850000000000001,15.68333333333333,1
S_0085,EJ_0085,BULL_020,Angus,9.1,8,summer,fresh,221.5,84.3,61.9,51.2,155.3,88.4,121.1,56.9,73.0,78.0,3.1,25.0,5.3,5.2,1.9,3.0,review,51.5,synthetic_casa,synthetic,train,motile_progressive,review,1,0,senior,0,0.7342823249425525,15.700000000000003,1.7567873301180106,121.60000000000001,15.4,head_defects,43.1616,5.404927101606295,5.051777237427431,70.525,46.125,4,13.774999999999991,5.075000000000003,0
S_0086,EJ_0086,BULL_027,Angus,9.5,6,summer,frozen_thawed,621.1,98.7,69.5,72.0,159.3,73.0,122.7,45.8,59.5,77.0,4.3,21.8,1.0,6.7,4.2,0.3,pass,,synthetic_casa,synthetic,test,motile_non_progressive,pass,1,0,senior,1,0.7041540019549997,1.2999999999999972,2.1821917805229876,118.33333333333333,12.200000000000001,midpiece_defects,71.06400000000001,6.433100851520974,5.0770470596155075,68.76923076923077,48.099999999999994,13,29.93076923076923,23.900000000000006,1
S_0087,EJ_0087,BULL_013,Angus,4.1,4,spring,frozen_thawed,782.0,86.7,47.6,60.1,159.4,60.8,110.4,38.1,55.0,69.3,4.5,39.3,11.0,0.2,5.3,0.4,pass,49.2,synthetic_casa,synthetic,val,motile_non_progressive,pass,0,0,prime2,1,0.5490196077798132,13.299999999999997,2.621710525884587,110.2,16.9,head_defects,52.106700000000004,6.663132695990803,5.077670695432414,56.25555555555556,49.15555555555555,9,30.444444444444443,10.94444444444445,0
S_0088,EJ_0088,BULL_005,Angus,6.9,6,summer,fresh,752.8,64.9,35.7,60.5,159.7,61.8,119.2,38.7,51.9,74.6,6.1,23.1,0.8,1.3,2.4,2.8,pass,44.7,synthetic_casa,synthetic,test,motile_non_progressive,pass,1,0,mature,0,0.5500770415177078,35.099999999999994,2.58414239440386,113.56666666666666,7.3,droplets,39.264500000000005,6.625127080833035,5.0795392727434665,57.333333333333336,39.72222222222222,9,7.56666666666667,20.77777777777778,0
S_0089,EJ_0089,BULL_016,Hereford,5.2,4,spring,frozen_thawed,929.7,59.4,46.0,51.1,141.0,101.3,129.8,71.9,78.0,92.1,2.3,26.0,1.8,0.7,0.1,0.7,review,64.6,synthetic_casa,synthetic,train,motile_progressive,review,0,0,prime2,1,0.7744107742804023,40.6,1.3919052318468013,124.03333333333335,3.3,head_defects,30.3534,6.835936991191665,4.955827057601261,62.73846153846154,51.43846153846154,13,-3.3384615384615444,-0.33846153846153726,0
S_0090,EJ_0090,BULL_011,Simmental,9.8,3,spring,fresh,1098.6,59.5,27.1,44.3,67.2,24.5,58.9,36.4,41.6,87.7,4.2,22.0,2.7,0.1,13.6,0.3,review,37.3,synthetic_casa,synthetic,train,motile_non_progressive,review,0,0,senior,0,0.4554621847974013,40.5,2.7428571417376095,50.199999999999996,16.7,tail_defects,26.3585,7.00270175629109,4.222444564849416,54.82000000000001,37.480000000000004,5,4.679999999999993,6.819999999999993,0
S_0091,EJ_0091,BULL_002,Simmental,8.3,9,fall,fresh,589.3,88.9,37.7,70.6,193.5,67.4,111.6,34.8,60.4,57.7,4.4,12.1,1.8,4.1,0.2,4.7,pass,59.6,synthetic_casa,synthetic,train,motile_non_progressive,pass,0,0,senior,0,0.42407199095342274,11.099999999999994,2.8709198808796854,124.16666666666667,10.8,droplets,62.763400000000004,6.380630882246644,5.270432163058501,64.92222222222222,52.24444444444444,9,23.97777777777779,18.355555555555554,0
S_0092,EJ_0092,BULL_028,Hereford,8.3,9,fall,fresh,732.5,73.3,37.0,61.6,166.5,59.5,122.8,35.7,48.5,73.7,6.0,26.5,3.6,1.7,1.5,1.1,pass,55.6,synthetic_casa,synthetic,train,motile_non_progressive,pass,0,0,senior,0,0.5047748976118998,26.700000000000003,2.7983193272607867,116.26666666666667,7.9,head_defects,45.1528,6.597827597583036,5.120983351265121,68.26666666666667,58.86666666666667,3,5.033333333333331,2.7333333333333343,0
S_0093,EJ_0093,BULL_018,Holstein,5.7,12,winter,frozen_thawed,1499.8,67.3,44.6,57.9,86.3,46.9,70.8,54.4,66.2,82.1,5.3,36.8,3.5,3.0,0.3,0.6,review,,synthetic_casa,synthetic,train,motile_progressive,review,0,1,prime2,1,0.662704308965423,32.7,1.8400852874541396,68.0,7.3999999999999995,head_defects,38.966699999999996,7.31375357825196,4.469350462845557,61.4625,50.1375,8,5.837499999999999,7.762499999999996,1
S_0094,EJ_0094,BULL_005,Angus,6.7,9,fall,fresh,237.5,59.4,33.8,41.4,111.8,34.0,73.0,30.4,46.6,65.3,4.4,19.0,8.1,2.5,2.9,0.7,review,26.7,synthetic_casa,synthetic,test,motile_non_progressive,review,0,0,mature,0,0.5690235689277737,40.6,3.2882352931505188,72.93333333333334,14.2,head_defects,24.5916,5.474369310328396,4.725616339063959,57.333333333333336,39.72222222222222,9,2.066666666666663,1.6777777777777771,0
S_0095,EJ_0095,BULL_016,Hereford,5.2,11,fall,fresh,792.6,69.4,43.7,33.5,47.9,36.1,26.1,75.4,99.0,54.6,6.5,37.3,1.9,5.2,12.4,3.4,reject,,synthetic_casa,synthetic,train,motile_progressive,reject,0,0,prime2,0,0.6296829970274233,30.599999999999994,1.3268698057266288,36.699999999999996,22.9,tail_defects,23.249000000000002,6.676579555970663,3.8897773964808264,62.73846153846154,51.43846153846154,13,6.661538461538463,-17.93846153846154,1
S_0096,EJ_0096,BULL_013,Angus,4.1,6,summer,frozen_thawed,443.5,27.2,8.6,50.8,100.4,33.7,64.8,33.6,52.0,64.5,3.7,26.3,5.7,1.3,3.6,0.0,reject,32.0,synthetic_casa,synthetic,val,motile_non_progressive,reject,1,0,prime2,1,0.31617647047199393,72.8,2.97922848576284,66.30000000000001,10.6,head_defects,13.8176,6.096950054953959,4.619073091157083,56.25555555555556,49.15555555555555,9,-29.05555555555556,1.6444444444444457,0
S_0097,EJ_0097,BULL_008,Simmental,3.1,5,spring,frozen_thawed,502.1,46.0,24.1,42.2,123.7,44.7,64.6,36.2,69.2,52.2,6.5,31.8,9.3,3.5,2.2,2.2,review,,synthetic_casa,synthetic,train,motile_non_progressive,review,0,0,prime1,1,0.5239130433643667,54.0,2.7673378069871726,77.66666666666667,17.2,head_defects,19.412,6.220788957497273,4.825910852685991,59.550000000000004,45.61666666666667,6,-13.550000000000004,-3.4166666666666643,1
S_0098,EJ_0098,BULL_005,Angus,6.8,10,fall,frozen_thawed,915.5,76.7,49.7,52.8,46.6,28.0,49.0,60.1,57.1,99.0,7.1,34.0,2.3,0.5,2.3,0.3,review,33.2,synthetic_casa,synthetic,test,motile_progressive,review,0,0,mature,1,0.647979139420081,23.299999999999997,1.6642857136913265,41.199999999999996,5.3999999999999995,head_defects,40.4976,6.820562067279759,3.8628327612373745,57.333333333333336,39.72222222222222,9,19.366666666666667,13.077777777777776,0
S_0099,EJ_0099,BULL_027,Angus,9.7,3,spring,fresh,1288.8,84.1,48.4,68.0,75.4,26.4,51.9,35.0,50.8,68.8,1.5,13.4,1.9,0.5,2.7,0.3,pass,33.1,synthetic_casa,synthetic,test,motile_non_progressive,pass,0,0,senior,0,0.5755053507044584,15.900000000000006,2.856060604978765,51.23333333333334,5.3999999999999995,tail_defects,57.187999999999995,7.162242446576277,4.335982696172475,68.76923076923077,48.099999999999994,13,15.33076923076922,19.900000000000006,0
S_0100,EJ_0100,BULL_022,Hereford,6.8,11,fall,frozen_thawed,880.8,49.8,36.1,26.7,99.4,71.5,78.6,71.9,90.9,79.2,7.1,21.3,6.2,0.6,2.8,2.3,reject,,synthetic_casa,synthetic,test,motile_progressive,reject,0,0,mature,1,0.7248995982480122,50.2,1.3902097900153554,83.16666666666667,11.899999999999999,head_defects,13.296599999999998,6.781965272923837,4.609162207257629,59.7,49.2625,16,-9.900000000000006,-22.562500000000004,1
S_0101,EJ_0101,BULL_006,Simmental,1.6,12,winter,frozen_thawed,1025.9,60.6,35.8,54.6,94.6,50.2,65.5,53.1,76.7,69.2,5.9,28.6,11.9,0.4,3.6,1.8,review,,synthetic_casa,synthetic,train,motile_progressive,review,0,1,young,1,0.5907590758101057,39.4,1.8844621510190311,70.10000000000001,17.7,head_defects,33.0876,6.934299834204249,4.560172820057356,61.98333333333333,52.65,6,-1.3833333333333258,1.9500000000000028,1
S_0102,EJ_0102,BULL_021,Charolais,3.9,2,winter,fresh,533.8,73.0,56.7,52.5,165.0,98.1,131.1,59.4,74.9,79.4,2.1,18.3,1.1,4.3,2.0,1.4,review,,synthetic_casa,synthetic,val,motile_progressive,review,0,1,prime1,0,0.7767123286607245,27.0,1.6819571863728895,131.4,8.8,midpiece_defects,38.325,6.281892845227788,5.111987788356544,71.55,51.275,4,1.4500000000000028,1.2250000000000014,1
S_0103,EJ_0103,BULL_016,Hereford,5.5,10,fall,frozen_thawed,835.8,51.1,37.2,53.8,111.8,83.5,103.6,74.7,80.6,92.6,1.0,30.2,0.1,1.9,4.7,2.6,review,34.0,synthetic_casa,synthetic,train,motile_progressive,review,0,0,prime2,1,0.727984344280238,48.9,1.3389221555282729,99.63333333333333,9.3,tail_defects,27.491799999999998,6.729585093310658,4.725616339063959,62.73846153846154,51.43846153846154,13,-11.638461538461542,2.3615384615384585,0
S_0104,EJ_0104,BULL_029,Hereford,9.7,2,winter,fresh,1490.4,77.4,48.8,64.5,125.8,81.8,101.6,65.0,80.5,80.7,3.3,17.3,5.8,0.1,1.5,1.6,pass,58.7,synthetic_casa,synthetic,train,motile_progressive,pass,0,1,senior,0,0.6304909559908926,22.599999999999994,1.5378973103254405,103.06666666666666,9.0,head_defects,49.923,7.307470555109695,4.842611042003125,61.111111111111114,49.3,9,16.28888888888889,15.200000000000003,0
S_0105,EJ_0105,BULL_012,Charolais,8.4,5,spring,fresh,473.2,84.4,40.1,61.7,91.6,41.0,58.6,44.8,70.0,64.0,3.1,31.6,1.9,1.9,1.0,2.0,pass,45.2,synthetic_casa,synthetic,train,motile_non_progressive,pass,0,0,senior,0,0.47511848335602863,15.599999999999994,2.2341463409185005,63.73333333333333,6.8,droplets,52.0748,6.161629173631305,4.528289141652134,61.46666666666667,56.85,6,22.933333333333337,4.850000000000001,0
S_0106,EJ_0106,BULL_018,Holstein,6.0,2,winter,fresh,1201.5,67.9,37.7,42.4,100.3,42.2,79.7,42.1,53.0,79.5,6.1,26.9,3.7,0.5,6.0,0.6,review,,synthetic_casa,synthetic,train,motile_non_progressive,review,0,1,prime2,0,0.55522827679599,32.099999999999994,2.3767772506216165,74.06666666666666,10.799999999999999,tail_defects,28.7896,7.092158001979916,4.618086411254637,61.4625,50.1375,8,6.437500000000007,-7.737500000000004,1
S_0107,EJ_0107,BULL_017,Charolais,2.8,9,fall,frozen_thawed,451.9,43.5,24.2,45.5,155.4,91.9,125.8,59.2,73.1,80.9,1.0,21.6,14.1,0.3,10.7,3.5,review,,synthetic_casa,synthetic,train,motile_progressive,review,0,0,prime1,1,0.5563218389525697,56.5,1.6909684437768262,124.36666666666667,28.6,head_defects,19.7925,6.1156713505621685,5.052416828111211,61.27,49.7,10,-17.770000000000003,-4.200000000000003,1
S_0108,EJ_0108,BULL_026,Simmental,3.1,9,fall,frozen_thawed,1056.5,75.2,49.5,63.7,124.4,89.9,98.7,72.2,91.0,79.3,5.8,29.4,1.0,1.0,0.6,2.3,pass,37.9,synthetic_casa,synthetic,train,motile_progressive,pass,0,0,prime1,1,0.6582446807635314,24.799999999999997,1.3837597328827853,104.33333333333333,4.9,droplets,47.90240000000001,6.963662910920433,4.83150862819882,72.21666666666667,60.48333333333333,6,2.9833333333333343,3.2166666666666757,0
S_0109,EJ_0109,BULL_020,Angus,9.7,7,summer,frozen_thawed,412.0,56.7,31.9,41.9,86.6,59.4,75.2,68.5,79.0,86.8,2.3,38.0,2.3,6.1,5.2,2.1,review,21.8,synthetic_casa,synthetic,train,motile_progressive,review,1,0,senior,1,0.5626102291776701,43.3,1.457912457667018,73.73333333333333,15.699999999999998,midpiece_defects,23.7573,6.023447592961033,4.472780997942346,70.525,46.125,4,-13.825000000000003,-4.225000000000001,0
S_0110,EJ_0110,BULL_012,Charolais,8.4,3,spring,frozen_thawed,565.0,47.6,39.9,50.3,140.7,97.2,109.7,69.1,88.6,78.0,5.2,16.3,12.1,5.5,4.9,5.9,review,,synthetic_casa,synthetic,train,motile_progressive,review,0,0,senior,1,0.8382352939415472,52.4,1.447530864048608,115.86666666666666,28.4,head_defects,23.9428,6.338594078203183,4.953712146696635,61.46666666666667,56.85,6,-13.866666666666667,-6.550000000000004,1
S_0111,EJ_0111,BULL_014,Hereford,2.5,9,fall,fresh,1046.8,71.3,36.8,49.2,52.2,21.4,33.5,41.0,63.9,64.2,3.5,26.1,2.4,1.4,0.8,1.1,review,,synthetic_casa,synthetic,train,motile_non_progressive,review,0,0,prime1,0,0.5161290321856762,28.700000000000003,2.439252335308761,35.699999999999996,5.699999999999999,head_defects,35.0796,6.954448006974119,3.9740583963475986,61.57777777777777,48.13333333333333,9,9.722222222222229,1.06666666666667,1
S_0112,EJ_0112,BULL_000,Hereford,4.4,12,winter,frozen_thawed,1535.0,79.6,69.8,65.1,197.7,141.4,154.0,71.5,91.8,77.9,6.6,21.2,11.5,3.7,11.1,1.8,pass,,synthetic_casa,synthetic,train,motile_progressive,pass,0,1,prime2,1,0.8768844220003915,20.400000000000006,1.3981612445970182,164.36666666666667,28.099999999999998,head_defects,51.819599999999994,7.336936913707618,5.291796149557771,70.1375,48.275,8,9.462499999999991,16.824999999999996,1
S_0113,EJ_0113,BULL_022,Hereford,7.1,4,spring,frozen_thawed,875.1,44.7,33.7,65.7,93.2,61.8,83.8,66.3,73.7,89.9,6.7,27.0,9.4,1.1,1.3,8.0,review,,synthetic_casa,synthetic,test,motile_progressive,review,0,0,mature,1,0.7539149886456566,55.3,1.5080906146427038,79.60000000000001,19.8,head_defects,29.367900000000006,6.775480239672318,4.545420181582317,59.7,49.2625,16,-15.0,16.4375,1
S_0114,EJ_0114,BULL_014,Hereford,2.4,6,summer,frozen_thawed,966.6,41.2,26.2,42.2,164.6,125.9,129.5,76.5,97.2,78.7,5.0,24.2,1.8,4.3,1.7,6.0,review,16.7,synthetic_casa,synthetic,train,motile_progressive,review,1,0,prime1,1,0.6359223299427372,58.8,1.3073868148286427,140.0,13.8,droplets,17.386400000000002,6.8748187787358725,5.109575241951159,61.57777777777777,48.13333333333333,9,-20.377777777777766,-5.93333333333333,0
S_0115,EJ_0115,BULL_005,Angus,6.3,7,summer,frozen_thawed,872.7,70.9,47.3,26.9,143.9,90.6,120.1,63.0,75.4,83.5,3.4,5.0,15.3,2.2,1.0,1.2,reject,37.4,synthetic_casa,synthetic,test,motile_progressive,reject,1,0,mature,1,0.6671368123177521,29.099999999999994,1.588300220575243,118.2,19.7,head_defects,19.0721,6.772737067304049,4.976043849326636,57.333333333333336,39.72222222222222,9,13.56666666666667,-12.822222222222223,0
S_0116,EJ_0116,BULL_022,Hereford,7.0,5,spring,frozen_thawed,751.3,76.6,58.9,54.6,161.9,67.4,129.5,41.6,52.0,80.0,4.6,27.4,9.0,4.6,1.9,1.6,review,59.1,synthetic_casa,synthetic,test,motile_non_progressive,review,0,0,mature,1,0.7689295038160667,23.400000000000006,2.4020771509789203,119.60000000000001,17.1,head_defects,41.8236,6.623135180566176,5.093136515607999,59.7,49.2625,16,16.89999999999999,5.337499999999999,0
S_0117,EJ_0117,BULL_023,Holstein,4.1,2,winter,frozen_thawed,1104.3,54.5,34.0,47.1,144.6,80.5,135.1,55.6,59.6,93.4,4.4,24.3,1.6,2.9,19.5,1.0,review,,synthetic_casa,synthetic,test,motile_progressive,review,0,1,prime2,1,0.6238532108947058,45.5,1.7962732917023263,120.06666666666666,25.0,tail_defects,25.669500000000003,7.0078720703169095,4.980863135762585,53.220000000000006,49.84,5,1.279999999999994,-2.740000000000002,1
S_0118,EJ_0118,BULL_003,Charolais,3.1,8,summer,frozen_thawed,976.6,58.7,37.2,47.2,42.7,19.8,48.1,46.3,41.1,99.0,4.6,26.4,2.8,7.0,7.5,1.0,review,22.3,synthetic_casa,synthetic,train,motile_non_progressive,review,1,0,prime1,1,0.6337308346450203,41.3,2.156565655476482,36.86666666666667,18.3,tail_defects,27.706400000000002,6.885100588417331,3.7773481021015445,65.9,45.03333333333333,9,-7.200000000000003,2.1666666666666714,0
S_0119,EJ_0119,BULL_008,Simmental,3.0,9,fall,fresh,247.6,75.1,38.3,61.5,93.9,66.9,92.5,71.2,72.3,98.5,1.0,35.0,0.2,1.0,10.7,1.0,pass,,synthetic_casa,synthetic,train,motile_progressive,pass,0,0,prime1,0,0.5099866843528646,24.900000000000006,1.4035874437363847,84.43333333333334,12.899999999999999,tail_defects,46.186499999999995,5.515845179076611,4.552823705615882,59.550000000000004,45.61666666666667,6,15.54999999999999,15.883333333333333,1
S_0120,EJ_0120,BULL_024,Holstein,5.8,11,fall,fresh,1058.2,75.6,31.0,48.2,81.4,54.2,56.9,66.6,95.2,70.0,8.6,29.7,11.3,5.1,1.2,0.6,review,,synthetic_casa,synthetic,val,motile_progressive,review,0,0,prime2,0,0.41005290999867033,24.400000000000006,1.5018450181730914,64.16666666666667,18.2,head_defects,36.4392,6.965269185182744,4.411585436915426,74.425,54.35000000000001,4,1.1749999999999972,-6.150000000000006,1
S_0121,EJ_0121,BULL_014,Hereford,2.6,4,spring,frozen_thawed,560.6,70.1,39.2,59.9,136.7,106.1,135.4,77.6,78.4,99.0,1.8,31.3,6.3,4.3,0.4,1.4,review,,synthetic_casa,synthetic,train,motile_progressive,review,0,0,prime1,1,0.559201141147047,29.900000000000006,1.2884071629322897,126.06666666666666,12.4,head_defects,41.9899,6.330789852711601,4.925077405734609,61.57777777777777,48.13333333333333,9,8.522222222222226,11.766666666666666,1
S_0122,EJ_0122,BULL_016,Hereford,5.5,4,spring,frozen_thawed,999.1,76.4,41.0,51.5,141.6,66.9,108.7,47.3,61.6,76.7,6.6,28.7,14.7,2.1,1.9,0.4,review,62.7,synthetic_casa,synthetic,train,motile_non_progressive,review,0,0,prime2,1,0.5366492145894438,23.599999999999994,2.1165919279347394,105.73333333333333,19.099999999999998,head_defects,39.346000000000004,6.90785527398247,4.960043507980195,62.73846153846154,51.43846153846154,13,13.661538461538463,0.06153846153846132,0
S_0123,EJ_0123,BULL_017,Charolais,2.6,8,summer,frozen_thawed,1969.3,52.9,41.8,22.6,93.8,50.8,76.5,54.1,66.4,81.5,4.4,29.6,4.9,1.1,6.8,1.4,reject,,synthetic_casa,synthetic,train,motile_progressive,reject,1,0,prime1,1,0.7901701321757711,47.1,1.8464566925499102,73.7,14.200000000000001,tail_defects,11.9554,7.585941094401922,4.551769409260976,61.27,49.7,10,-8.370000000000005,-27.1,1
S_0124,EJ_0124,BULL_022,Hereford,7.3,4,spring,frozen_thawed,399.0,44.0,16.2,53.4,94.8,31.7,78.6,33.4,40.3,82.9,3.6,32.5,2.8,3.5,1.6,0.1,review,,synthetic_casa,synthetic,test,motile_non_progressive,review,0,0,mature,1,0.3681818180981405,56.0,2.9905362766591366,68.36666666666666,8.0,midpiece_defects,23.496,5.991464547107982,4.562262684976814,59.7,49.2625,16,-15.700000000000003,4.137499999999996,1
S_0125,EJ_0125,BULL_000,Hereford,4.9,11,fall,frozen_thawed,269.6,67.1,35.6,51.2,53.3,42.1,48.0,79.0,87.7,90.1,3.5,23.2,6.7,3.7,2.2,0.9,review,,synthetic_casa,synthetic,train,motile_progressive,review,0,0,prime2,1,0.5305514157182488,32.900000000000006,1.266033253856049,47.800000000000004,13.500000000000002,head_defects,34.355199999999996,5.600641715736688,3.9945242269398897,70.1375,48.275,8,-3.0375000000000085,2.9250000000000043,1
S_0126,EJ_0126,BULL_002,Simmental,8.0,9,fall,fresh,1179.4,32.9,22.3,36.3,98.1,58.8,75.8,60.0,77.7,77.2,8.0,35.0,1.6,0.0,13.4,0.6,reject,35.7,synthetic_casa,synthetic,train,motile_progressive,reject,0,0,mature,0,0.6778115499459539,67.1,1.6683673466550395,77.56666666666666,15.6,tail_defects,11.942699999999997,7.073608643068784,4.596129441335942,64.92222222222222,52.24444444444444,9,-32.02222222222222,-15.944444444444443,0
S_0127,EJ_0127,BULL_026,Simmental,3.4,6,summer,fresh,1020.6,89.3,51.3,76.5,85.4,26.3,72.8,30.8,36.1,85.2,1.9,29.1,3.0,9.5,2.0,3.7,pass,,synthetic_casa,synthetic,train,motile_non_progressive,pass,1,0,prime1,0,0.5744680850420528,10.700000000000003,3.2471482877387268,61.5,18.2,midpiece_defects,68.3145,6.92912530471833,4.45898767581001,72.21666666666667,60.48333333333333,6,17.08333333333333,16.016666666666673,1
S_0128,EJ_0128,BULL_015,Angus,7.3,11,fall,frozen_thawed,670.9,92.3,57.3,74.8,59.0,37.5,38.7,63.5,96.9,65.5,6.3,33.5,0.3,7.3,0.1,0.9,pass,,synthetic_casa,synthetic,test,motile_progressive,pass,0,0,mature,1,0.6208017334105307,7.700000000000003,1.5733333329137777,45.06666666666666,8.6,midpiece_defects,69.0404,6.510109519926104,4.0943445622221,69.91666666666667,61.916666666666664,6,22.383333333333326,12.883333333333333,1
S_0129,EJ_0129,BULL_015,Angus,7.4,10,fall,frozen_thawed,984.1,20.2,5.5,13.5,109.2,59.7,93.4,54.7,63.9,85.5,6.8,19.5,2.5,2.2,1.2,8.8,reject,,synthetic_casa,synthetic,test,motile_progressive,reject,0,0,mature,1,0.27227722758798156,79.8,1.8291457283368264,87.43333333333334,14.700000000000001,droplets,2.727,6.8927431588616335,4.702296896718814,69.91666666666667,61.916666666666664,6,-49.71666666666667,-48.416666666666664,1
S_0130,EJ_0130,BULL_016,Hereford,5.3,9,fall,frozen_thawed,247.6,65.0,50.1,71.5,90.0,38.2,58.0,42.4,65.8,64.5,8.4,40.9,13.8,0.2,7.0,0.7,pass,,synthetic_casa,synthetic,train,motile_non_progressive,pass,0,0,prime2,1,0.770769230650651,35.0,2.356020941791617,62.06666666666666,21.7,head_defects,46.475,5.515845179076611,4.51085950651685,62.73846153846154,51.43846153846154,13,2.261538461538457,20.06153846153846,1
S_0131,EJ_0131,BULL_012,Charolais,8.2,4,spring,fresh,1117.3,59.5,23.9,62.2,69.7,26.5,56.2,38.0,47.1,80.6,6.1,16.7,10.7,5.0,4.6,0.2,review,,synthetic_casa,synthetic,train,motile_non_progressive,review,0,0,senior,0,0.4016806722013982,40.5,2.630188678252759,50.800000000000004,20.499999999999996,head_defects,37.009,7.019564954034142,4.258445572902527,61.46666666666667,56.85,6,-1.9666666666666686,5.350000000000001,1
S_0132,EJ_0132,BULL_011,Simmental,9.7,3,spring,frozen_thawed,271.0,27.2,17.0,7.2,65.5,36.2,48.5,55.3,74.6,74.1,3.3,26.4,1.1,5.9,4.5,3.6,reject,49.8,synthetic_casa,synthetic,train,motile_progressive,reject,0,0,senior,1,0.6249999997702206,72.8,1.8093922646935379,50.06666666666666,15.1,midpiece_defects,1.9584000000000001,5.605802066295998,4.197201947661808,54.82000000000001,37.480000000000004,5,-27.620000000000008,-30.280000000000005,0
S_0133,EJ_0133,BULL_029,Hereford,9.9,6,summer,fresh,1013.9,39.8,21.5,48.2,156.7,87.4,119.2,55.7,73.3,76.1,5.8,18.8,1.3,2.2,3.7,0.6,reject,,synthetic_casa,synthetic,train,motile_progressive,reject,1,0,senior,0,0.5402010048893967,60.2,1.7929061782845643,121.10000000000001,7.8,tail_defects,19.1836,6.9225453644547725,5.060694493968993,61.111111111111114,49.3,9,-21.311111111111117,-1.0999999999999943,1
S_0134,EJ_0134,BULL_018,Holstein,5.7,7,summer,fresh,784.4,86.3,62.4,75.5,179.6,72.2,120.7,40.2,59.8,67.2,6.1,9.3,4.3,0.1,11.6,2.4,pass,,synthetic_casa,synthetic,train,motile_non_progressive,pass,1,0,prime2,0,0.7230590960923454,13.700000000000003,2.487534625694247,124.16666666666667,18.4,tail_defects,65.1565,6.666193142143909,5.196284640982885,61.4625,50.1375,8,24.8375,25.362499999999997,1
S_0135,EJ_0135,BULL_023,Holstein,4.0,3,spring,fresh,870.7,57.6,24.8,89.5,75.5,46.4,50.0,61.4,92.8,66.2,6.7,35.0,8.6,5.6,2.7,0.8,review,49.0,synthetic_casa,synthetic,test,motile_progressive,review,0,0,prime1,0,0.4305555554808063,42.4,1.6271551720631132,57.300000000000004,17.7,head_defects,51.552,6.77044532801753,4.33729074083249,53.220000000000006,49.84,5,4.3799999999999955,39.66,0
S_0136,EJ_0136,BULL_018,Holstein,5.5,4,spring,fresh,1176.3,71.6,30.8,48.1,128.5,62.7,92.6,48.8,67.7,72.1,7.7,16.4,2.2,1.4,0.3,0.9,review,,synthetic_casa,synthetic,train,motile_non_progressive,review,0,0,prime2,0,0.43016759770528396,28.400000000000006,2.049441785957027,94.59999999999998,4.8,head_defects,34.4396,7.070978960084151,4.863680881139593,61.4625,50.1375,8,10.137499999999996,-2.0375000000000014,1
S_0137,EJ_0137,BULL_010,Hereford,9.4,9,fall,frozen_thawed,719.4,59.0,44.0,62.4,175.9,118.9,151.5,67.6,78.5,86.2,5.2,36.3,0.8,3.3,3.9,2.7,review,,synthetic_casa,synthetic,train,motile_progressive,review,0,0,senior,1,0.7457627117380063,41.0,1.4793944489924815,148.76666666666668,10.7,tail_defects,36.816,6.579806613301801,5.17558460116574,57.25,46.037499999999994,8,1.75,16.362500000000004,1
S_0138,EJ_0138,BULL_027,Angus,9.5,1,winter,fresh,1595.9,62.7,40.7,38.8,162.4,82.4,114.4,50.7,72.1,70.4,8.0,15.0,4.6,5.9,8.1,2.6,reject,39.3,synthetic_casa,synthetic,test,motile_progressive,reject,0,1,senior,0,0.6491228069140155,37.3,1.9708737861685834,119.73333333333335,21.200000000000003,tail_defects,24.327599999999997,7.375819528846821,5.096201182425903,68.76923076923077,48.099999999999994,13,-6.069230769230771,-9.299999999999997,0
S_0139,EJ_0139,BULL_025,Simmental,6.0,7,summer,frozen_thawed,1038.7,90.7,40.4,68.4,142.1,65.7,95.7,46.2,68.6,67.4,3.8,16.9,4.5,0.9,4.3,3.4,pass,58.4,synthetic_casa,synthetic,train,motile_non_progressive,pass,1,0,prime2,1,0.44542447624636994,9.299999999999997,2.162861491299412,101.16666666666667,13.1,head_defects,62.03880000000001,6.946687488983924,4.963543686562405,61.1,52.325,4,29.6,16.075000000000003,0
S_0140,EJ_0140,BULL_022,Hereford,6.9,10,fall,frozen_thawed,174.1,79.0,40.5,69.3,108.3,86.4,100.7,79.8,85.8,93.0,5.6,28.8,0.3,0.3,27.2,0.8,pass,28.5,synthetic_casa,synthetic,test,motile_progressive,pass,0,0,mature,1,0.5126582277832079,21.0,1.2534722220771444,98.46666666666665,28.6,tail_defects,54.747,5.165357239291806,4.694096395182493,59.7,49.2625,16,19.299999999999997,20.037499999999994,0
S_0141,EJ_0141,BULL_002,Simmental,8.2,3,spring,fresh,746.2,64.9,41.2,37.8,147.7,45.4,102.7,30.7,44.2,69.6,7.7,28.1,4.1,2.9,8.0,1.8,reject,,synthetic_casa,synthetic,train,motile_non_progressive,reject,0,0,senior,0,0.6348228042165143,35.099999999999994,3.2533039640411223,98.60000000000001,16.8,tail_defects,24.532200000000003,6.616332886914633,5.001930853466109,64.92222222222222,52.24444444444444,9,-0.022222222222211485,-14.444444444444443,1
S_0142,EJ_0142,BULL_010,Hereford,9.8,8,summer,frozen_thawed,1221.8,54.7,37.1,27.4,99.5,51.9,97.9,52.2,53.0,98.4,7.3,24.9,3.1,8.4,2.8,6.0,reject,43.1,synthetic_casa,synthetic,train,motile_progressive,reject,1,0,senior,1,0.678244972453703,45.3,1.9171483618656746,83.10000000000001,20.3,midpiece_defects,14.9878,7.108898590016679,4.61015772749913,57.25,46.037499999999994,8,-2.549999999999997,-18.637499999999996,0
S_0143,EJ_0143,BULL_022,Hereford,7.1,11,fall,frozen_thawed,871.1,48.4,28.8,41.9,105.8,42.5,87.0,40.2,48.9,82.2,5.2,20.7,3.0,8.9,0.3,2.3,review,,synthetic_casa,synthetic,test,motile_non_progressive,review,0,0,mature,1,0.5950413221911072,51.6,2.4894117641201383,78.43333333333334,14.5,midpiece_defects,20.2796,6.77090409623294,4.6709579265260945,59.7,49.2625,16,-11.300000000000004,-7.362500000000004,1
S_0144,EJ_0144,BULL_010,Hereford,9.2,8,summer,frozen_thawed,1087.1,34.9,24.5,22.1,108.0,37.5,89.0,34.7,42.1,82.5,6.5,26.7,1.4,3.5,3.6,1.4,reject,24.1,synthetic_casa,synthetic,train,motile_non_progressive,reject,1,0,senior,1,0.7020057304578781,65.1,2.879999999232,78.16666666666667,9.9,tail_defects,7.712899999999999,6.992188334956967,4.6913478822291435,57.25,46.037499999999994,8,-22.35,-23.937499999999993,0
S_0145,EJ_0145,BULL_015,Angus,7.6,7,summer,frozen_thawed,672.8,51.7,28.0,42.8,126.3,86.9,103.0,68.8,84.3,81.6,3.3,8.9,5.5,6.7,1.5,1.6,review,12.7,synthetic_casa,synthetic,test,motile_progressive,review,1,0,mature,1,0.5415860733962116,48.3,1.4533947063920143,105.39999999999999,15.299999999999999,midpiece_defects,22.127599999999997,6.512933330972452,4.846546505563361,69.91666666666667,61.916666666666664,6,-18.21666666666667,-19.116666666666667,0
S_0146,EJ_0146,BULL_011,Simmental,9.7,7,summer,fresh,50.0,53.8,32.7,41.2,163.6,78.0,129.3,47.7,60.3,79.0,8.0,24.4,7.6,1.1,1.5,0.0,review,,synthetic_casa,synthetic,train,motile_non_progressive,review,1,0,senior,0,0.607806691336839,46.2,2.0974358971669953,123.63333333333333,10.2,head_defects,22.165599999999998,3.9318256327243257,5.103518288242969,54.82000000000001,37.480000000000004,5,-1.0200000000000102,3.719999999999999,1
S_0147,EJ_0147,BULL_016,Hereford,5.0,9,fall,frozen_thawed,401.5,63.2,31.8,33.3,128.7,81.4,105.3,63.2,77.3,81.8,5.3,16.7,7.2,8.5,0.1,1.5,reject,,synthetic_casa,synthetic,train,motile_progressive,reject,0,0,prime2,1,0.5031645568824107,36.8,1.581081080886845,105.13333333333333,17.299999999999997,midpiece_defects,21.0456,5.997695096858618,4.865224091322398,62.73846153846154,51.43846153846154,13,0.4615384615384599,-18.13846153846154,1
S_0148,EJ_0148,BULL_011,Simmental,10.0,6,summer,fresh,1221.8,63.5,34.9,51.7,108.0,83.8,98.5,77.6,85.0,91.2,2.5,22.2,5.2,0.8,3.2,0.9,review,72.8,synthetic_casa,synthetic,train,motile_progressive,review,1,0,senior,0,0.5496062991260462,36.5,1.2887828160753243,96.76666666666667,10.1,head_defects,32.8295,7.108898590016679,4.6913478822291435,54.82000000000001,37.480000000000004,5,8.679999999999993,14.219999999999999,0
S_0149,EJ_0149,BULL_005,Angus,6.5,4,spring,frozen_thawed,698.2,47.3,34.0,16.0,157.3,109.0,130.1,69.3,83.8,82.7,6.5,29.2,2.1,13.4,0.1,0.6,reject,,synthetic_casa,synthetic,test,motile_progressive,reject,0,0,mature,1,0.7188160675013074,52.7,1.4431192659226497,132.13333333333333,16.2,midpiece_defects,7.568,6.549936824341326,5.064491966886966,57.333333333333336,39.72222222222222,9,-10.033333333333339,-23.72222222222222,1
S_0150,EJ_0150,BULL_006,Simmental,2.2,6,summer,frozen_thawed,567.7,72.9,36.3,48.7,64.7,28.9,49.3,44.7,58.7,76.2,5.3,29.6,12.9,4.6,3.6,0.0,review,53.5,synthetic_casa,synthetic,train,motile_non_progressive,review,1,0,prime1,1,0.4979423867629708,27.099999999999994,2.2387543244848604,47.633333333333326,21.1,head_defects,35.502300000000005,6.343353054312754,4.185098925490565,61.98333333333333,52.65,6,10.916666666666679,-3.9499999999999957,0
S_0151,EJ_0151,BULL_017,Charolais,2.8,9,fall,frozen_thawed,1384.6,54.3,37.7,56.5,125.3,51.8,84.4,41.3,61.3,67.4,4.2,41.2,7.4,0.4,3.9,0.7,review,44.5,synthetic_casa,synthetic,train,motile_non_progressive,review,0,0,prime1,1,0.6942909759310699,45.7,2.418918918451946,87.16666666666667,12.4,head_defects,30.679499999999997,7.233888537808171,4.838660029356445,61.27,49.7,10,-6.970000000000006,6.799999999999997,0
S_0152,EJ_0152,BULL_014,Hereford,2.5,8,summer,frozen_thawed,1152.4,69.8,34.0,39.5,73.7,42.6,64.2,57.8,66.4,87.1,5.4,26.7,13.1,1.4,1.5,2.8,reject,,synthetic_casa,synthetic,train,motile_progressive,reject,1,0,prime1,1,0.4871060171221912,30.200000000000003,1.7300469479506932,60.166666666666664,18.8,head_defects,27.570999999999998,7.050469381181312,4.3134800921387715,61.57777777777777,48.13333333333333,9,8.222222222222229,-8.633333333333333,1
S_0153,EJ_0153,BULL_008,Simmental,2.8,4,spring,fresh,398.7,40.2,23.7,20.4,141.8,63.5,116.5,44.8,54.5,82.1,8.3,7.4,12.2,1.2,2.4,2.3,reject,,synthetic_casa,synthetic,train,motile_non_progressive,reject,0,0,prime1,0,0.5895522386593153,59.8,2.2330708657900677,107.26666666666667,18.099999999999998,head_defects,8.200800000000001,5.990714265717278,4.9614450499054845,59.550000000000004,45.61666666666667,6,-19.35,-25.21666666666667,1
S_0154,EJ_0154,BULL_022,Hereford,7.2,3,spring,frozen_thawed,628.6,42.9,33.4,39.8,117.0,46.7,88.9,39.9,52.6,76.0,4.0,19.9,6.2,1.0,1.7,1.2,reject,13.9,synthetic_casa,synthetic,test,motile_non_progressive,reject,0,0,mature,1,0.7785547783732972,57.1,2.5053533185213372,84.2,10.1,head_defects,17.074199999999998,6.445084697103193,4.770684624465665,59.7,49.2625,16,-16.800000000000004,-9.462500000000006,0
S_0155,EJ_0155,BULL_002,Simmental,8.3,4,spring,fresh,642.0,79.1,52.4,69.1,87.8,39.4,73.7,44.9,53.5,84.0,4.7,17.4,6.5,8.5,3.7,4.0,pass,44.0,synthetic_casa,synthetic,train,motile_non_progressive,pass,0,0,senior,0,0.6624525915723828,20.900000000000006,2.228426395373496,66.96666666666665,22.7,midpiece_defects,54.6581,6.466144724237619,4.486386649998124,64.92222222222222,52.24444444444444,9,14.177777777777777,16.855555555555554,0
S_0156,EJ_0156,BULL_005,Angus,6.3,5,spring,frozen_thawed,77.8,84.5,46.0,56.2,195.9,99.0,149.6,50.5,66.2,76.4,6.3,25.7,0.4,0.9,6.1,0.2,review,,synthetic_casa,synthetic,test,motile_progressive,review,0,0,mature,1,0.5443786981604286,15.5,1.9787878785880013,148.16666666666666,7.6,tail_defects,47.489000000000004,4.366912996863833,5.28269598564508,57.333333333333336,39.72222222222222,9,27.166666666666664,16.47777777777778,1
S_0157,EJ_0157,BULL_023,Holstein,4.2,4,spring,fresh,906.5,65.5,56.4,51.1,107.1,74.4,94.7,69.5,78.6,88.4,8.2,21.3,7.9,0.1,6.1,0.5,review,,synthetic_casa,synthetic,test,motile_progressive,review,0,0,prime2,0,0.8610687021586155,34.5,1.4395161288387746,92.06666666666666,14.6,head_defects,33.4705,6.810693566139006,4.683056724645162,53.220000000000006,49.84,5,12.279999999999994,1.259999999999998,1
S_0158,EJ_0158,BULL_024,Holstein,5.6,6,summer,frozen_thawed,233.4,36.2,28.3,20.1,116.3,55.3,99.0,47.5,55.8,85.2,7.3,20.9,2.0,0.7,0.4,1.3,reject,,synthetic_casa,synthetic,val,motile_non_progressive,reject,1,0,prime2,1,0.7817679555851469,63.8,2.103074140668522,90.2,4.4,head_defects,7.276200000000001,5.457029057702858,4.76473475565943,74.425,54.35000000000001,4,-38.224999999999994,-34.25000000000001,1
S_0159,EJ_0159,BULL_002,Simmental,8.1,7,summer,frozen_thawed,1261.6,18.5,12.3,30.1,198.3,62.7,105.6,31.6,59.4,53.3,3.7,28.6,17.7,2.5,5.0,0.1,reject,,synthetic_casa,synthetic,train,motile_non_progressive,reject,1,0,senior,1,0.6648648645054784,81.5,3.162679425332906,122.2,25.3,head_defects,5.5685,7.140928365933525,5.294811227218749,64.92222222222222,52.24444444444444,9,-46.42222222222222,-22.14444444444444,1
S_0160,EJ_0160,BULL_014,Hereford,2.1,4,spring,frozen_thawed,713.4,55.1,40.0,44.7,137.0,66.7,113.8,48.7,58.6,83.1,4.1,22.7,2.2,1.6,4.5,2.1,review,,synthetic_casa,synthetic,train,motile_non_progressive,review,0,0,prime1,1,0.7259528129353987,44.9,2.0539730131853116,105.83333333333333,10.4,tail_defects,24.629700000000003,6.571443029562289,4.927253685157205,61.57777777777777,48.13333333333333,9,-6.477777777777767,-3.43333333333333,1
S_0161,EJ_0161,BULL_007,Simmental,6.7,12,winter,fresh,683.1,60.2,34.8,64.8,120.7,94.1,110.9,77.9,84.8,91.9,4.5,36.0,2.6,4.2,3.0,2.3,pass,,synthetic_casa,synthetic,train,motile_progressive,pass,0,1,mature,0,0.5780730896049712,39.8,1.2826780019890887,108.56666666666668,12.100000000000001,midpiece_defects,39.0096,6.528104105766952,4.801558999993482,63.625,69.025,4,-3.424999999999997,-4.2250000000000085,1
S_0162,EJ_0162,BULL_001,Charolais,5.7,1,winter,frozen_thawed,1280.2,58.4,37.1,43.7,146.2,79.2,108.0,54.2,73.4,73.9,1.1,26.1,4.3,1.2,0.2,0.6,review,,synthetic_casa,synthetic,train,motile_progressive,review,0,1,prime2,1,0.63527397249396,41.6,1.8459595957265202,111.13333333333333,6.3,head_defects,25.520799999999998,7.155552417735003,4.991792206294776,66.16666666666667,58.166666666666664,3,-7.766666666666673,-14.466666666666661,1
S_0163,EJ_0163,BULL_003,Charolais,3.0,9,fall,fresh,920.8,51.7,27.7,39.9,207.3,143.1,151.8,69.0,94.2,73.2,2.3,17.3,0.3,6.5,2.2,1.4,reject,28.7,synthetic_casa,synthetic,train,motile_progressive,reject,0,0,prime1,0,0.5357833654669664,48.3,1.4486373164606123,167.4,10.4,midpiece_defects,20.6283,6.826328280286408,5.3389793482669266,65.9,45.03333333333333,9,-14.200000000000003,-5.133333333333333,0
S_0164,EJ_0164,BULL_027,Angus,9.8,3,spring,frozen_thawed,1146.8,33.9,30.9,28.2,111.0,46.3,67.9,41.7,68.3,61.2,3.2,17.2,0.2,7.8,1.0,1.1,reject,,synthetic_casa,synthetic,test,motile_non_progressive,reject,0,0,senior,1,0.9115044245098807,66.1,2.397408206825614,75.06666666666668,10.1,midpiece_defects,9.5598,7.045602345674262,4.718498871295094,68.76923076923077,48.099999999999994,13,-34.869230769230775,-19.899999999999995,1
S_0165,EJ_0165,BULL_020,Angus,9.0,4,spring,frozen_thawed,411.7,45.8,40.8,40.6,97.6,54.3,79.8,55.7,68.1,81.7,2.7,22.5,1.3,1.1,1.2,0.2,review,,synthetic_casa,synthetic,train,motile_progressive,review,0,0,senior,1,0.8908296941286398,54.2,1.7974217307923717,77.23333333333333,3.8000000000000007,head_defects,18.5948,6.022720936758536,4.591071261608589,70.525,46.125,4,-24.72500000000001,-5.524999999999999,1
S_0166,EJ_0166,BULL_027,Angus,9.8,2,winter,fresh,311.2,64.5,47.2,45.0,190.7,123.4,142.5,64.7,86.6,74.7,5.5,19.6,12.1,2.4,5.3,0.9,review,,synthetic_casa,synthetic,test,motile_progressive,review,0,1,senior,0,0.7317829456229795,35.5,1.5453808750773597,152.20000000000002,20.7,head_defects,29.025,5.743644008081332,5.255931650051599,68.76923076923077,48.099999999999994,13,-4.269230769230774,-3.0999999999999943,1
S_0167,EJ_0167,BULL_004,Charolais,5.7,7,summer,frozen_thawed,550.6,39.0,24.3,14.1,90.5,32.2,57.7,35.6,55.8,63.7,6.7,27.7,7.8,0.5,3.2,0.2,reject,,synthetic_casa,synthetic,train,motile_non_progressive,reject,1,0,prime2,1,0.6230769229171598,61.0,2.8105590053383356,60.13333333333333,11.7,head_defects,5.499,6.312823145919147,4.516338972281476,52.85,43.05,2,-13.850000000000001,-28.949999999999996,1
S_0168,EJ_0168,BULL_029,Hereford,9.3,7,summer,fresh,50.0,82.2,46.0,54.2,179.9,94.1,152.4,52.3,61.8,84.7,7.2,42.8,0.1,1.7,1.3,0.3,review,,synthetic_casa,synthetic,train,motile_progressive,review,1,0,senior,0,0.5596107055280279,17.799999999999997,1.9117959615396607,142.13333333333333,3.4,midpiece_defects,44.552400000000006,3.9318256327243257,5.19794439240125,61.111111111111114,49.3,9,21.08888888888889,4.900000000000006,1
S_0169,EJ_0169,BULL_025,Simmental,6.1,1,winter,frozen_thawed,237.9,43.5,32.0,41.4,131.3,43.4,112.3,33.1,38.6,85.5,4.0,22.8,16.6,0.4,0.7,4.4,review,34.5,synthetic_casa,synthetic,train,motile_non_progressive,review,0,1,mature,1,0.7356321837389351,56.5,3.0253456214227317,95.66666666666667,22.1,head_defects,18.009,5.476045054331764,4.88507207112091,61.1,52.325,4,-17.6,-10.925000000000004,0
S_0170,EJ_0170,BULL_012,Charolais,8.4,2,winter,frozen_thawed,334.1,44.9,16.9,35.5,56.2,20.4,55.3,36.3,37.0,98.3,5.2,22.6,8.2,5.5,2.6,3.0,reject,23.3,synthetic_casa,synthetic,train,motile_non_progressive,reject,0,1,senior,1,0.3763919820987991,55.1,2.7549019594338717,43.96666666666666,19.3,head_defects,15.9395,5.814428994743265,4.046553898385752,61.46666666666667,56.85,6,-16.56666666666667,-21.35,0
S_0171,EJ_0171,BULL_024,Holstein,6.3,3,spring,frozen_thawed,490.8,89.1,30.5,81.9,113.1,42.0,85.3,37.2,49.3,75.4,3.0,33.3,3.7,3.6,9.2,3.1,pass,57.9,synthetic_casa,synthetic,val,motile_non_progressive,pass,0,0,mature,1,0.3423120089402568,10.900000000000006,2.692857142215986,80.13333333333333,19.6,tail_defects,72.9729,6.198072129782092,4.73707525686803,74.425,54.35000000000001,4,14.674999999999997,27.549999999999997,0
S_0172,EJ_0172,BULL_022,Hereford,7.2,1,winter,fresh,1274.7,64.7,47.1,30.1,41.2,15.1,35.3,36.7,42.9,85.6,5.5,30.2,0.5,1.5,5.2,3.0,reject,,synthetic_casa,synthetic,test,motile_non_progressive,reject,0,1,mature,0,0.727975270366619,35.3,2.728476819385115,30.53333333333333,10.2,tail_defects,19.474700000000002,7.151250326544244,3.742420221041966,59.7,49.2625,16,5.0,-19.1625,1
S_0173,EJ_0173,BULL_020,Angus,9.0,10,fall,fresh,679.8,95.3,55.2,50.8,155.1,93.6,110.4,60.4,84.7,71.2,3.8,22.7,0.5,0.6,17.5,1.2,review,,synthetic_casa,synthetic,train,motile_progressive,review,0,0,senior,0,0.5792235046611519,4.700000000000003,1.6570512818742469,119.7,19.8,tail_defects,48.4124,6.523268577259164,5.050496827521386,70.525,46.125,4,24.77499999999999,4.674999999999997,1
S_0174,EJ_0174,BULL_015,Angus,7.2,6,summer,frozen_thawed,317.2,67.2,43.8,72.1,88.3,54.4,67.4,61.6,80.8,76.3,5.4,16.8,5.9,3.6,5.6,4.1,pass,,synthetic_casa,synthetic,test,motile_progressive,pass,1,0,mature,1,0.6517857141887223,32.8,1.623161764407507,70.03333333333333,19.2,head_defects,48.4512,5.762680115903686,4.492001487882454,69.91666666666667,61.916666666666664,6,-2.7166666666666686,10.18333333333333,1
S_0175,EJ_0175,BULL_026,Simmental,2.8,6,summer,fresh,104.8,82.8,41.4,59.0,80.7,47.8,55.7,59.3,85.8,69.1,5.2,34.4,1.3,3.0,6.9,0.1,review,,synthetic_casa,synthetic,train,motile_progressive,review,1,0,prime1,0,0.4999999999396136,17.200000000000003,1.6882845184752544,61.4,11.299999999999999,tail_defects,48.852,4.661550519424199,4.403054001865957,72.21666666666667,60.48333333333333,6,10.583333333333329,-1.4833333333333272,1
S_0176,EJ_0176,BULL_013,Angus,4.5,10,fall,frozen_thawed,815.4,45.9,25.9,41.6,138.5,78.2,106.6,56.5,73.3,77.0,5.6,26.4,18.5,5.4,1.4,6.8,review,28.0,synthetic_casa,synthetic,val,motile_progressive,review,0,0,prime2,1,0.5642701523825119,54.1,1.771099744019041,107.76666666666665,32.099999999999994,head_defects,19.0944,6.70490443093569,4.93806460126142,56.25555555555556,49.15555555555555,9,-10.355555555555561,-7.55555555555555,0
S_0177,EJ_0177,BULL_010,Hereford,9.7,10,fall,fresh,1108.3,78.7,41.6,87.6,120.0,42.4,73.9,35.3,57.3,61.6,4.7,33.5,21.3,0.0,3.8,1.9,pass,,synthetic_casa,synthetic,train,motile_non_progressive,pass,0,0,senior,0,0.5285895806189849,21.299999999999997,2.8301886785777857,78.76666666666667,27.0,head_defects,68.9412,7.011484464744614,4.795790545596741,57.25,46.037499999999994,8,21.450000000000003,41.5625,1
S_0178,EJ_0178,BULL_005,Angus,6.1,4,spring,frozen_thawed,656.8,31.1,15.1,20.1,99.9,63.7,82.9,63.8,76.9,83.0,4.2,17.1,0.2,1.4,0.4,0.2,reject,,synthetic_casa,synthetic,test,motile_progressive,reject,0,0,mature,1,0.485530546467675,68.9,1.5682888537569406,82.16666666666667,2.2,midpiece_defects,6.251100000000001,6.488900933754956,4.6141299273595635,57.333333333333336,39.72222222222222,9,-26.233333333333334,-19.62222222222222,1
S_0179,EJ_0179,BULL_017,Charolais,2.7,7,summer,frozen_thawed,692.1,74.4,61.2,63.0,175.0,98.3,121.2,56.2,81.1,69.3,4.3,9.2,3.5,0.7,1.5,3.1,pass,29.3,synthetic_casa,synthetic,train,motile_progressive,pass,1,0,prime1,1,0.8225806450507285,25.599999999999994,1.780264496258366,131.5,8.8,head_defects,46.87200000000001,6.541174288923939,5.170483995038151,61.27,49.7,10,13.130000000000003,13.299999999999997,0
S_0180,EJ_0180,BULL_028,Hereford,7.9,3,spring,fresh,759.4,70.4,46.1,60.7,111.1,78.3,115.2,70.5,68.0,99.0,3.8,31.8,0.7,1.7,4.1,1.0,pass,,synthetic_casa,synthetic,train,motile_progressive,pass,0,0,mature,0,0.6548295453615299,29.599999999999994,1.4189016600997573,101.53333333333332,7.5,tail_defects,42.732800000000005,6.633844610614274,4.719391330078114,68.26666666666667,58.86666666666667,3,2.13333333333334,1.8333333333333357,1
S_0181,EJ_0181,BULL_006,Simmental,1.8,7,summer,fresh,769.1,82.5,54.5,74.7,97.6,56.4,81.4,57.7,69.2,83.4,7.2,28.7,2.7,9.5,3.1,1.9,pass,,synthetic_casa,synthetic,train,motile_progressive,pass,1,0,young,0,0.6606060605259872,17.5,1.7304964535938836,78.46666666666667,17.2,midpiece_defects,61.6275,6.6465203765452046,4.591071261608589,61.98333333333333,52.65,6,20.516666666666673,22.050000000000004,1
S_0182,EJ_0182,BULL_016,Hereford,5.5,5,spring,frozen_thawed,182.2,79.8,52.7,55.0,104.5,41.9,69.1,40.1,60.7,66.1,3.9,23.9,2.5,2.2,2.6,1.0,review,47.5,synthetic_casa,synthetic,train,motile_non_progressive,review,0,0,prime2,1,0.6604010024235087,20.200000000000003,2.4940334122925933,71.83333333333333,8.3,tail_defects,43.89,5.21057845224003,4.658710952916121,62.73846153846154,51.43846153846154,13,17.061538461538454,3.5615384615384613,0
S_0183,EJ_0183,BULL_002,Simmental,7.9,2,winter,fresh,862.7,99.0,88.1,85.2,100.5,34.0,75.5,33.9,45.1,75.1,4.8,24.4,0.7,2.2,1.1,0.9,pass,63.2,synthetic_casa,synthetic,train,motile_non_progressive,pass,0,1,mature,0,0.8898989898091011,1.0,2.955882352071799,70.0,4.9,midpiece_defects,84.34800000000001,6.76122548628624,4.620058798481842,64.92222222222222,52.24444444444444,9,34.07777777777778,32.95555555555556,0
S_0184,EJ_0184,BULL_029,Hereford,9.5,6,summer,fresh,354.6,72.8,41.6,46.3,79.6,27.8,48.5,34.9,57.3,61.0,5.2,29.1,6.5,1.1,2.0,0.5,review,,synthetic_casa,synthetic,train,motile_non_progressive,review,1,0,senior,0,0.5714285713500786,27.200000000000003,2.863309351488018,51.96666666666666,10.1,head_defects,33.7064,5.8738065036397495,4.389498649512583,61.111111111111114,49.3,9,11.688888888888883,-3.0,1
S_0185,EJ_0185,BULL_017,Charolais,2.7,11,fall,frozen_thawed,780.8,73.2,37.8,64.8,106.1,75.9,86.0,71.5,88.3,81.0,2.3,27.6,1.0,4.8,1.6,2.6,pass,,synthetic_casa,synthetic,train,motile_progressive,pass,0,0,prime1,1,0.5163934425524053,26.799999999999997,1.397891962925179,89.33333333333333,10.0,midpiece_defects,47.4336,6.661598953358855,4.673762977453703,61.27,49.7,10,11.93,15.099999999999994,1
S_0186,EJ_0186,BULL_000,Hereford,4.6,7,summer,frozen_thawed,863.9,58.6,33.1,27.0,140.1,111.8,101.0,79.8,99.0,72.1,5.8,18.4,2.5,0.4,0.7,6.0,reject,29.9,synthetic_casa,synthetic,train,motile_progressive,reject,1,0,prime2,1,0.5648464162858624,41.4,1.2531305902278058,117.63333333333333,9.6,droplets,15.822000000000001,6.762613893312466,4.9494688588587685,70.1375,48.275,8,-11.537500000000001,-21.275,0
S_0187,EJ_0187,BULL_010,Hereford,9.3,1,winter,frozen_thawed,301.8,59.6,36.4,42.3,98.5,52.9,82.9,53.7,63.8,84.1,5.1,24.1,2.0,4.1,2.1,0.4,review,,synthetic_casa,synthetic,train,motile_progressive,review,0,1,senior,1,0.6107382549310841,40.4,1.862003780366351,78.10000000000001,8.6,midpiece_defects,25.2108,5.713072521563293,4.600157644164547,57.25,46.037499999999994,8,2.3500000000000014,-3.737499999999997,1
S_0188,EJ_0188,BULL_022,Hereford,7.2,2,winter,fresh,1027.1,55.0,33.3,46.0,112.1,51.5,75.1,45.9,68.6,67.0,5.2,17.9,1.5,3.1,1.3,1.4,review,,synthetic_casa,synthetic,test,motile_non_progressive,review,0,1,mature,0,0.6054545453444627,45.0,2.1766990287035535,79.56666666666666,7.299999999999999,midpiece_defects,25.3,6.935467717548673,4.728272383122075,59.7,49.2625,16,-4.700000000000003,-3.262500000000003,1
S_0189,EJ_0189,BULL_024,Holstein,5.9,2,winter,fresh,186.2,96.8,43.9,67.2,140.7,69.3,99.3,49.2,69.8,70.6,9.0,14.0,4.5,0.2,7.1,0.4,pass,63.0,synthetic_casa,synthetic,val,motile_non_progressive,pass,0,1,prime2,0,0.4535123966473644,3.200000000000003,2.0303030300100575,103.10000000000001,12.200000000000001,tail_defects,65.0496,5.232177564043492,4.953712146696635,74.425,54.35000000000001,4,22.375,12.849999999999994,0
S_0190,EJ_0190,BULL_027,Angus,9.9,9,fall,fresh,1199.4,77.8,35.6,55.1,146.5,95.7,101.8,65.4,94.0,69.5,7.1,29.5,10.9,5.1,0.1,2.7,review,,synthetic_casa,synthetic,test,motile_progressive,review,0,0,senior,0,0.4575835474990253,22.200000000000003,1.530825496182777,114.66666666666667,18.8,head_defects,42.867799999999995,7.090410113566212,4.993828175779875,68.76923076923077,48.099999999999994,13,9.030769230769224,7.000000000000007,1
S_0191,EJ_0191,BULL_007,Simmental,6.4,7,summer,fresh,254.8,89.9,36.2,87.5,125.4,96.1,122.9,76.6,78.2,98.0,6.0,23.4,2.3,6.5,0.7,0.3,pass,,synthetic_casa,synthetic,train,motile_progressive,pass,1,0,mature,0,0.40266963288068197,10.099999999999994,1.3048907386779511,114.8,9.8,midpiece_defects,78.66250000000001,5.5443958891447425,4.839451481712757,63.625,69.025,4,26.275000000000006,18.474999999999994,1
S_0192,EJ_0192,BULL_016,Hereford,5.1,3,spring,fresh,1355.7,77.8,40.7,52.5,161.4,80.6,106.8,49.9,75.4,66.2,5.0,23.2,12.7,5.0,7.0,3.2,review,,synthetic_casa,synthetic,train,motile_non_progressive,review,0,0,prime2,0,0.5231362467193913,22.200000000000003,2.0024813893297173,116.26666666666667,27.9,head_defects,40.845,7.212810559491263,5.090062427727577,62.73846153846154,51.43846153846154,13,15.061538461538454,1.0615384615384613,1
S_0193,EJ_0193,BULL_022,Hereford,7.2,3,spring,frozen_thawed,985.3,37.1,35.5,25.0,155.3,117.4,132.4,75.6,88.7,85.3,4.7,15.9,1.4,1.1,0.3,0.4,reject,,synthetic_casa,synthetic,test,motile_progressive,reject,0,0,mature,1,0.956873315105964,62.9,1.3228279385585326,135.03333333333333,3.1999999999999997,head_defects,9.275,6.893960567959947,5.051777237427431,59.7,49.2625,16,-22.6,-24.262500000000003,1
S_0194,EJ_0194,BULL_025,Simmental,6.3,11,fall,fresh,1178.9,51.7,37.5,47.6,129.2,79.1,97.6,61.2,81.1,75.5,2.2,33.1,9.8,9.6,1.0,0.2,review,,synthetic_casa,synthetic,train,motile_progressive,review,0,0,mature,0,0.7253384911556404,48.3,1.6333754738769437,101.96666666666665,20.599999999999998,head_defects,24.6092,7.073184968105874,4.869071729774468,61.1,52.325,4,-9.399999999999999,-4.725000000000001,1
S_0195,EJ_0195,BULL_010,Hereford,9.8,3,spring,frozen_thawed,1081.8,79.3,62.3,46.5,24.1,15.7,15.0,65.3,99.0,62.2,4.2,12.6,2.0,0.2,1.7,4.0,review,,synthetic_casa,synthetic,train,motile_non_progressive,review,0,0,senior,1,0.7856242117546502,20.700000000000003,1.5350318461560308,18.266666666666666,7.9,droplets,36.8745,6.987305557740146,3.2228678461377385,57.25,46.037499999999994,8,22.049999999999997,0.4625000000000057,1
S_0196,EJ_0196,BULL_029,Hereford,9.7,9,fall,frozen_thawed,391.0,63.9,27.9,53.4,62.6,29.5,32.9,47.2,89.8,52.6,1.0,32.5,10.6,2.1,2.8,0.3,review,37.6,synthetic_casa,synthetic,train,motile_non_progressive,review,0,0,senior,1,0.43661971824153056,36.1,2.122033897585751,41.666666666666664,15.8,head_defects,34.1226,5.971261839790462,4.152613470346076,61.111111111111114,49.3,9,2.7888888888888843,4.100000000000001,0
S_0197,EJ_0197,BULL_023,Holstein,4.1,6,summer,frozen_thawed,972.6,21.3,10.7,16.8,86.4,62.5,85.4,72.3,73.1,98.8,7.2,9.4,3.3,5.9,0.4,1.6,reject,,synthetic_casa,synthetic,test,motile_progressive,reject,1,0,prime2,1,0.5023474176045316,78.7,1.3823999997788161,78.10000000000001,11.2,midpiece_defects,3.5784000000000002,6.881000541673317,4.470495282661489,53.220000000000006,49.84,5,-31.920000000000005,-33.040000000000006,1
S_0198,EJ_0198,BULL_021,Charolais,3.8,8,summer,frozen_thawed,1052.2,73.5,33.5,53.1,118.0,79.3,88.9,67.2,89.2,75.3,6.6,27.3,0.6,0.8,5.5,0.6,review,42.5,synthetic_casa,synthetic,val,motile_progressive,review,1,0,prime1,1,0.4557823128631589,26.5,1.4880201763571224,95.40000000000002,7.5,tail_defects,39.0285,6.959588427622155,4.77912349311153,71.55,51.275,4,1.9500000000000028,1.8250000000000028,0
S_0199,EJ_0199,BULL_017,Charolais,2.9,9,fall,frozen_thawed,866.4,56.6,29.0,35.3,121.7,85.7,110.1,70.4,77.8,90.5,1.3,32.3,10.9,1.5,7.9,0.6,reject,,synthetic_casa,synthetic,train,motile_progressive,reject,0,0,prime1,1,0.5123674910755535,43.4,1.420070011502909,105.83333333333333,20.900000000000002,head_defects,19.979799999999997,6.7655002314012656,4.809742351716865,61.27,49.7,10,-4.670000000000002,-14.400000000000006,1
